span_mm,force_n,E,Ix_mm4,Sx_mm3,is_point,deflection_mm,stress_mpa
11837.654569968148,240077.82572378984,69000.0,428000000.0,2450000.0,0.0,175.5880508817506,144.99787606262228
3381.392153781403,41856.38155294143,200000.0,117700000.0,713000.0,0.0,0.8951186883605613,24.812910268023128
9734.940755263357,253446.66839361718,69000.0,4110000000.0,9140000.0,1.0,17.17727921987825,67.48600386845098
7083.006198215902,62863.029936005725,200000.0,564000000.0,2860000.0,1.0,4.125701835014342,38.92126142266876
11756.781440325814,192317.55109459825,200000.0,403000000.0,2300000.0,0.0,50.48797968955287,122.88235953033939
3834.6617858848913,234829.52831302144,200000.0,403000000.0,2300000.0,0.0,2.1391322760438904,48.939772740178675
13397.804001063236,139242.9165133165,200000.0,251700000.0,1678000.0,0.0,86.61628252686383,138.9711936816021
4951.849165873018,130792.03807735731,200000.0,1072000000.0,4287000.0,0.0,0.9644895550436501,18.88448928901851
10309.572068003858,68187.14038735298,200000.0,10000000.0,135000.0,1.0,778.3109867741521,1301.8152554342985
6239.373921411336,324633.00107121404,69000.0,920000000.0,3380000.0,0.0,16.174004836591656,74.90779145390319
13114.223042277716,273839.9699257232,200000.0,47200000.0,472000.0,0.0,851.9053022276721,951.0589098242247
7813.977444267947,32504.12577192606,69000.0,72100000.0,481000.0,1.0,64.94255289132168,132.0096183094764
8990.775113907328,310792.2723214789,200000.0,1870000000.0,8170000.0,1.0,12.581973802859324,85.5037768538244
5959.530092327801,200865.16561547125,200000.0,24920000.0,311000.0,1.0,177.71390392915825,962.2684879307028
10002.395099347876,133078.79086262773,200000.0,162700000.0,904000.0,1.0,85.26328803282034,368.11577587155864
12069.385890404854,302774.9892866664,200000.0,192700000.0,1376000.0,1.0,287.75479480556413,663.9368066249413
11165.774561955925,212779.0704488711,200000.0,478000000.0,1910000.0,0.0,40.343758964830315,155.48711597739486
4374.62091580424,310828.07304389705,200000.0,308200000.0,1926000.0,1.0,8.795036452640819,176.49986884175706
6522.001543769114,63773.636477187705,200000.0,6660000.0,88800.0,0.0,172.94914876676717,585.4895207712776
12143.546388624776,182611.76936547057,200000.0,192700000.0,1376000.0,1.0,176.77157250325223,402.8987086479562
10667.393938392062,217049.87188897858,200000.0,419000000.0,1690000.0,0.0,40.93825207241254,171.25417808560226
8863.268496347375,48035.02660910432,200000.0,63200000.0,424000.0,1.0,55.125360327076486,251.03027008589822
5890.459109366797,202901.3608542294,200000.0,403000000.0,2300000.0,0.0,6.699403481508276,64.95555268189226
12792.279041041062,342514.7278502936,69000.0,930000000.0,4490000.0,1.0,232.7821882918189,243.96124578661204
8703.388537184775,196933.22178828093,200000.0,337400000.0,1500000.0,0.0,25.05231174083382,142.83219542526402
8077.655282410643,82011.3898503079,69000.0,1710000000.0,5701000.0,1.0,7.632093461020425,29.050155079903565
8417.833696693557,94287.9086464427,200000.0,200000000.0,1010000.0,1.0,29.292456853874743,196.4603798502317
9647.058269093757,210069.63889951934,200000.0,215000000.0,1440000.0,0.0,57.1108098208079,175.91614991591268
3706.4852025158807,32916.11155750455,200000.0,136000000.0,775000.0,1.0,1.2837640094155767,39.35583239104798
5856.055612427943,237452.4446207354,200000.0,671200000.0,2441000.0,1.0,7.400635955410931,142.41445319603832
12689.963973199721,74739.37088303841,200000.0,431900000.0,2400000.0,1.0,36.836314157485276,98.79582540473632
8082.943476239049,168788.38713246948,200000.0,798900000.0,3551000.0,0.0,7.263861448557202,48.02545031813123
10754.157015539813,30608.30918618464,200000.0,564000000.0,2860000.0,1.0,7.031016577537223,28.773300958778037
5282.506901289738,162528.60626326484,200000.0,113000000.0,771000.0,1.0,22.085150033604037,278.3912076014124
5997.677374585206,323910.30375384435,200000.0,920800000.0,3069000.0,1.0,7.905648875357344,158.25264746004973
10825.738727982265,193799.8989541037,200000.0,428000000.0,2450000.0,0.0,37.40168652862366,107.04219752991433
13184.348812971666,66545.77760533078,200000.0,38920000.0,324000.0,1.0,408.18072526895827,676.9774259097886
7812.483510593432,29936.035990540833,200000.0,3830000.0,76500.0,0.0,242.64516603941647,382.1483456677581
14487.811690316079,348443.71442752273,69000.0,431900000.0,2400000.0,0.0,462.9642938130163,262.92640204686705
4857.56190328877,110880.66066815183,200000.0,24920000.0,311000.0,0.0,33.20256096109399,216.4829875695958
3731.4908577181895,116625.63532170794,200000.0,24920000.0,311000.0,1.0,25.32922473602446,349.82917361612937
14032.645569984903,190582.88599198405,200000.0,162700000.0,904000.0,1.0,337.1660061697037,739.5968171544099
5229.899531768679,212311.9361930094,200000.0,2010000000.0,5760000.0,1.0,1.5739363244238362,48.19314651409242
13683.44776955325,93713.21824813246,69000.0,49800000.0,498000.0,0.0,909.8039443359734,321.8674516101994
8030.69898403047,208448.5783590164,69000.0,72100000.0,481000.0,0.0,282.56177137964954,435.0280110318243
11060.282675519655,111999.00713157916,200000.0,215000000.0,1440000.0,1.0,73.41810315180304,215.0591455299817
10453.911065917113,201417.83951724166,200000.0,215000000.0,1440000.0,0.0,69.67944149825254,182.77814074668552
9070.616328585184,55035.233924598884,200000.0,204000000.0,1360000.0,0.0,13.107800593388312,45.882673849625775
7434.325064866607,63633.92300145887,69000.0,40500000.0,324000.0,0.0,121.82824950047724,182.51360676910176
14846.796763578051,232351.9480216491,200000.0,576800000.0,2884000.0,0.0,85.82783175091949,149.51812369533974
4284.431732513011,198096.0379008374,200000.0,18400000.0,184000.0,0.0,55.12472454757054,576.5821677087393
11611.346245665574,79223.08619133399,200000.0,117700000.0,713000.0,1.0,109.76194342792417,322.5409131899789
13864.03789295188,297675.26252025086,200000.0,251700000.0,1678000.0,1.0,328.28988881659916,614.8660785720264
6320.16268766702,11205.534289845982,200000.0,251700000.0,1678000.0,0.0,0.7317166047674842,5.275685318389839
3902.9263208852044,310256.1737220486,200000.0,671200000.0,2441000.0,1.0,2.8626503766470326,124.01751194561112
7430.591814146301,197858.53289329918,200000.0,930000000.0,4490000.0,1.0,9.092238458739518,81.86002198641154
7375.818183927073,327249.9235770224,200000.0,287000000.0,1290000.0,1.0,47.6603285764618,467.77828236587766
5994.356870675093,44949.83136840711,69000.0,2920000000.0,7290000.0,0.0,0.6256950067076684,4.6201188357159975
12729.260639284763,309681.50958553026,200000.0,61200000.0,502000.0,0.0,679.4885995759355,981.5778512651533
12799.039267163147,166503.0997908403,200000.0,1180000000.0,4060000.0,1.0,30.817769124231603,131.22412021719364
10920.398192983548,145478.43271202638,200000.0,204000000.0,1360000.0,0.0,60.463412371561375,146.01860420096787
6349.499912662457,228103.79112659342,200000.0,798900000.0,3551000.0,0.0,4.7584710472268235,50.98370183878809
14550.411789138665,100258.56325780934,200000.0,56960000.0,570000.0,1.0,564.8148625915873,639.8260442054003
11742.540727832451,116650.28682629702,69000.0,162700000.0,904000.0,1.0,350.50494982409316,378.8082809654701
14106.901985988992,193073.67901154925,200000.0,335000000.0,1490000.0,1.0,168.53960771611474,456.99185669297884
4495.503787972413,316015.9239330111,69000.0,63200000.0,424000.0,0.0,85.72681365238306,418.8239336969926
6914.194858288798,247050.86082609568,69000.0,930000000.0,4490000.0,1.0,26.511722131945056,95.1090084442988
10979.153210553257,138909.3942216642,200000.0,112600000.0,938000.0,0.0,106.29395040221627,203.23927525918822
11107.526798281198,183799.1589373596,200000.0,431900000.0,2400000.0,1.0,60.749287931968766,212.66188368732713
9185.424118982597,225199.89096037054,200000.0,428000000.0,2450000.0,0.0,26.547940315341798,105.53859744997312
12013.657650488787,238750.52798943678,200000.0,387000000.0,1980000.0,1.0,111.42634835316811,362.1549377700295
3554.564617113101,344538.2477458295,69000.0,215000000.0,1440000.0,1.0,21.730408633319193,212.61865706241275
13633.642908611779,205728.10579916817,200000.0,83560000.0,557000.0,1.0,649.9197093169919,1258.8974554448787
12649.318274077716,246610.00397880102,200000.0,108000000.0,867000.0,0.0,300.8826042988249,449.74746682516025
14009.640173465283,51261.9237243907,200000.0,19430000.0,194000.0,0.0,472.2933455246968,462.73267137784535
14854.709436797377,212453.7882796027,200000.0,112600000.0,938000.0,0.0,402.64967885432134,420.5676030970842
6327.736237568886,274409.4440135504,200000.0,192700000.0,1376000.0,1.0,37.582979750968946,315.47794019180077
13716.321993483802,37396.40360360727,200000.0,1180000000.0,4060000.0,1.0,8.519019514645311,31.585043917812136
4833.663198925776,82743.97821603573,200000.0,2920000000.0,7290000.0,1.0,0.33335845267570247,13.715930124677325
8591.091640213808,31170.34159841901,200000.0,687000000.0,2310000.0,0.0,1.8730038234026365,14.490652658485752
10008.952970450702,246477.81540930914,69000.0,478000000.0,1910000.0,1.0,156.10814286551368,322.90377783918115
14312.899889209162,111528.30180661037,200000.0,4110000000.0,9140000.0,0.0,5.180061939789212,21.83114631525621
8230.03171255964,19868.438781883182,200000.0,576800000.0,2884000.0,0.0,1.2501202817357413,7.087286808855449
7851.800029651645,66115.208609193,200000.0,930000000.0,4490000.0,0.0,2.240448160104815,14.452210381907244
4007.3695459440028,155728.34168477225,200000.0,113000000.0,771000.0,1.0,9.238387247346196,202.3544143670396
7549.246370257675,81964.49663190372,200000.0,200000000.0,1010000.0,0.0,11.479298820180569,76.58046765943178
8643.682034556563,264668.2487681692,200000.0,237000000.0,1190000.0,1.0,75.12398417686454,480.61096365442995
3823.420445433233,335477.1049439652,200000.0,29000000.0,331000.0,0.0,42.094935410734514,484.3920022724992
5392.328188350395,16929.205888913,200000.0,1370000000.0,4620000.0,1.0,0.20182443055999544,4.939817863699462
11033.506135438929,201749.6578562065,200000.0,19430000.0,194000.0,0.0,908.0074527148511,1434.2822730536657
12202.77718027489,67048.30874505277,69000.0,669000000.0,3340000.0,0.0,34.36587789382845,30.620343260856558
4965.18972200639,115753.23266352396,69000.0,29000000.0,331000.0,0.0,92.20030612218079,217.04560464873242
9909.56074094897,318728.8913561311,200000.0,776000000.0,2590000.0,0.0,26.021462825390802,152.43548787592556
5379.957325100584,211313.27282494976,200000.0,564000000.0,2860000.0,0.0,3.7983322336764527,49.68777928433406
6618.992225852004,242648.0733166631,200000.0,8640000.0,144000.0,0.0,530.2094965518602,1394.1716240459348
7166.445183701388,155648.52449981312,200000.0,204000000.0,1360000.0,0.0,18.282474435185385,102.52266716468681
7094.774098335398,298855.7131798563,200000.0,564000000.0,2860000.0,1.0,19.71182981957524,185.3421130252067
7346.256461940864,313135.50503373507,200000.0,2980000000.0,12000000.0,1.0,4.339533778439957,47.92445265244208
11805.543648160703,338261.06862094643,200000.0,112600000.0,938000.0,0.0,321.79580930700666,532.1636207460335
9458.07487737907,174389.15132028668,200000.0,38310000.0,426000.0,1.0,401.18466385945027,967.9493256983501
5926.3612702914725,168000.8786450988,69000.0,576800000.0,2884000.0,1.0,18.30460412263861,86.30668347583509
3344.399973241075,299323.9643462361,200000.0,57900000.0,429000.0,1.0,20.144028426346356,583.3677496211759
9199.527020579211,74959.18399921361,200000.0,2920000000.0,7290000.0,1.0,2.081935467132908,23.648458115272405
4116.64020665606,85342.77616066026,200000.0,63200000.0,424000.0,0.0,6.133201121924064,103.5747357578447
5766.456495582093,255236.67265086368,200000.0,711000000.0,3560000.0,0.0,4.481354677952674,51.67876295360023
14410.530724721217,244655.60840778757,200000.0,689000000.0,2860000.0,0.0,69.18065433241287,154.09165917553653
6317.995523624271,210459.5480266689,69000.0,56960000.0,570000.0,1.0,281.3495768102162,583.1940712001921
4206.313297089489,75999.97655096497,200000.0,335000000.0,1490000.0,1.0,1.7587425427763461,53.637535561208665
3169.780407072766,191605.93035100552,200000.0,49800000.0,498000.0,0.0,7.977667255495116,152.44696885177976
9640.3076015833,247121.9135894661,200000.0,251700000.0,1678000.0,0.0,57.26766840542851,177.4680618365337
8285.625577632123,72683.64793262779,200000.0,4130000.0,66100.0,0.0,651.7354741652495,1138.8606134380545
8732.750247188253,289519.31940180634,200000.0,57900000.0,429000.0,1.0,346.88128673644985,1473.3682447971014
10553.348483423979,28227.08525946127,200000.0,8640000.0,144000.0,0.0,249.99534075763472,258.585301575065
4022.1709007547606,94384.92477143949,69000.0,4110000000.0,9140000.0,0.0,0.2819889305231779,5.191907793839897
12488.889958121033,86733.62660211178,69000.0,478000000.0,1910000.0,1.0,106.718766826189,141.78098407099964
8312.65204823194,302456.66638090124,200000.0,63200000.0,424000.0,0.0,178.96729482952117,741.219642480112
3722.7636524704903,336436.9843276617,200000.0,561000000.0,2550000.0,0.0,2.0144015619550983,61.39585179419756
6175.753503480089,37603.73825877466,200000.0,61200000.0,502000.0,0.0,9.422328546046398,57.826548380379045
4878.391385317657,148895.97470440905,69000.0,27720000.0,252000.0,1.0,188.2908965495174,720.6079764944938
5777.71481467231,250364.9821588713,200000.0,215000000.0,1440000.0,0.0,14.622182970552004,125.56748841098285
14086.932533790585,277861.5290598887,69000.0,431900000.0,2400000.0,0.0,339.37840982276214,203.86544862515933
5373.83056507757,49023.94283675556,200000.0,308200000.0,1926000.0,1.0,2.5713208849642983,34.196049122113976
6187.589659687683,58360.33705085028,200000.0,26900000.0,277000.0,0.0,33.460991898243556,162.95569407570906
11264.135894545125,247909.4528917439,200000.0,117700000.0,713000.0,0.0,195.9832937711843,489.5662284212856
8253.106362859176,213332.46509397522,200000.0,111000000.0,641000.0,0.0,70.33882087612103,343.3415610513396
3310.3787086600255,87834.30134542118,69000.0,38310000.0,426000.0,0.0,15.695484582725939,85.3183101713366
10023.955503334251,225826.80461438955,200000.0,428000000.0,2450000.0,1.0,55.357679609829695,230.987534787231
11324.08408780119,107994.05042289496,200000.0,920800000.0,3069000.0,1.0,17.74077317420203,99.61988497646013
4056.717513309463,95815.60932035062,200000.0,2010000000.0,5760000.0,0.0,0.20719214832709,8.435261726958819
12899.126439224412,10391.362932358155,69000.0,19430000.0,194000.0,1.0,346.56945555378957,172.73132002624672
5250.9904967343255,133004.98211156958,200000.0,192700000.0,1376000.0,1.0,10.409710658525771,126.89096967410003
3619.341302236161,100799.12101279704,200000.0,18400000.0,184000.0,1.0,27.05554616540552,495.6880732482768
11379.000349466067,51284.86834329075,69000.0,1370000000.0,4620000.0,0.0,10.408081859822127,15.78924607144399
6729.001660720021,14649.317918460634,200000.0,428000000.0,2450000.0,1.0,1.0863113284505328,10.058702510381302
13096.868179404426,48576.78008744329,200000.0,308200000.0,1926000.0,0.0,23.051927400818318,41.29047802344756
8789.994923494276,170554.72584715864,200000.0,920800000.0,3069000.0,1.0,13.103674205014814,122.12244822210194
5287.32445137514,213788.38354946597,200000.0,204000000.0,1360000.0,1.0,16.13580314674443,207.78833598546288
6394.06779939392,111508.98892240085,69000.0,24920000.0,311000.0,0.0,220.7411192183889,286.57396921689
8875.684159868411,60522.4422501483,69000.0,38920000.0,324000.0,1.0,328.29086900974033,414.48926079954487
9623.009004849733,194766.22140594883,200000.0,111000000.0,641000.0,0.0,101.79632997549098,365.49085460806197
14769.295575991133,91193.88501652477,200000.0,1180000000.0,4060000.0,0.0,16.209582941374112,41.46765525037039
7929.301146594938,118179.95125949195,200000.0,478000000.0,1910000.0,1.0,12.839538489550778,122.65502919193203
10964.265953814416,289054.16758124874,200000.0,83560000.0,557000.0,0.0,296.8439983351891,711.235809788834
4514.955237712664,338220.22066013026,200000.0,492000000.0,2540000.0,0.0,4.119111964786788,75.15005692765168
8283.674517248126,188823.3695145709,200000.0,8470000.0,136000.0,0.0,824.9928714001509,1437.6390940338158
7919.7434369563725,232625.6509854295,200000.0,215000000.0,1440000.0,1.0,55.986232915888294,319.8499084478343
14630.443566890606,125110.81957748678,200000.0,366600000.0,2156000.0,1.0,111.32780729307376,212.24800387706307
6942.787067801475,239281.54835236326,69000.0,478000000.0,1910000.0,0.0,31.613497104981455,108.72256802776921
10521.590148095853,311729.1521891699,200000.0,671200000.0,2441000.0,1.0,56.35057852964336,335.91626142439804
3821.0489661786173,224594.7457305778,200000.0,1180000000.0,4060000.0,0.0,0.6913121318564792,26.422029586918754
8207.657663077509,43470.66297028731,200000.0,5410000.0,77300.0,1.0,462.7915997836124,1153.9208280956002
6593.592962928777,19842.06479517315,200000.0,115000000.0,919000.0,1.0,5.152098899627224,35.59045125229651
7498.093077303778,59493.73053779547,69000.0,2920000000.0,7290000.0,0.0,1.6208040810274416,7.648997412352297
12510.233686571439,67794.44068315311,200000.0,112600000.0,938000.0,0.0,76.74688238058452,113.02296050061105
10436.524422448983,91882.12923114643,69000.0,1870000000.0,8170000.0,1.0,16.864240900043395,29.343025878446003
10654.855572042823,166253.96972008853,200000.0,19430000.0,194000.0,0.0,673.830568790059,1141.3737343080886
11131.330628388954,63711.71150440756,200000.0,237000000.0,1190000.0,0.0,24.139093550245402,74.49539135044128
5390.603989306708,140795.70464889746,200000.0,564000000.0,2860000.0,1.0,4.073346488351818,66.34387125503142
9863.072308208866,205436.05626073934,200000.0,16600000.0,221000.0,0.0,773.0614495342685,1146.058075572959
10898.75779114417,103323.32926059743,69000.0,1072000000.0,4287000.0,0.0,23.54638814342698,32.83461452606702
5761.420691644996,282656.8655653978,200000.0,251700000.0,1678000.0,1.0,22.371435599404492,242.6259108915228
6007.521600523392,266896.2900721702,200000.0,192700000.0,1376000.0,1.0,31.28063872285253,291.31272305741754
10529.497293800767,23403.67514667791,200000.0,47200000.0,472000.0,0.0,37.68545462910525,65.26189992635635
11788.31721527086,40645.347753714435,200000.0,111000000.0,641000.0,0.0,39.05279222607081,93.43608670939513
5107.680845331679,54934.33123390641,69000.0,335000000.0,1490000.0,0.0,4.123442865456824,23.53918048611404
6541.697390069902,305934.9661705135,200000.0,19430000.0,194000.0,0.0,286.9699694100826,1289.5193103921733
12488.183623067249,14732.3427343064,69000.0,711000000.0,3560000.0,1.0,12.184556117338262,12.91995795393258
11073.940582485044,238595.87109934448,69000.0,478000000.0,1910000.0,0.0,127.91788891519826,172.9186190955967
14283.50270135465,46837.674747738434,200000.0,27720000.0,252000.0,1.0,512.9027542742431,663.6964819289896
13610.818142578226,200878.50996495882,69000.0,920000000.0,3380000.0,0.0,103.89341793165762,101.1139374217727
10624.84706853527,167850.96234971134,200000.0,366600000.0,2156000.0,1.0,57.20423799102256,206.79392454456223
4677.324150086653,331728.9211798617,200000.0,83560000.0,557000.0,1.0,42.316143175007745,696.4109938585156
14392.569220942865,246804.55715679517,69000.0,4110000000.0,9140000.0,0.0,33.78438538176292,48.5797548266169
11719.189806686898,311040.68652585696,200000.0,57900000.0,429000.0,0.0,562.9115855058784,1062.105140733902
14268.636788563865,105111.64762916813,200000.0,689000000.0,2860000.0,1.0,46.16446829358663,131.10139180667827
14406.662038217124,300853.06572402455,200000.0,1072000000.0,4287000.0,1.0,87.41350368529581,252.75766509490614
13820.354549095857,229241.11531636943,200000.0,776000000.0,2590000.0,1.0,81.23012327548652,305.81018251952065
14618.482511236642,332663.6680091268,200000.0,428000000.0,2450000.0,0.0,158.08012281266045,248.1141843324202
10700.453606798612,213029.62623664533,200000.0,108000000.0,867000.0,0.0,157.33726605077257,328.64960098309234
5922.826765968284,52814.12100473458,69000.0,561000000.0,2550000.0,1.0,5.9058710167856,30.667538187049917
12181.888510663013,80433.50591786389,200000.0,1180000000.0,4060000.0,1.0,12.83593828031444,60.33448285795296
4770.6501592973245,316180.55211479776,200000.0,15800000.0,160000.0,0.0,141.45540977736405,1178.427188525923
4736.255763846096,54197.32469076851,200000.0,61200000.0,502000.0,1.0,9.800779861636444,127.83485630064548
13397.374662081613,54813.09805104515,200000.0,1370000000.0,4620000.0,0.0,6.263710464311311,19.868820643376605
3189.373002133923,100224.95283049095,200000.0,4110000000.0,9140000.0,0.0,0.0515061115206656,4.371646043458345
11947.983300407948,171923.62824390508,200000.0,162700000.0,904000.0,0.0,117.33852374505207,284.0349335182457
8424.065038905026,85326.9171822169,69000.0,49800000.0,498000.0,0.0,193.290956498813,180.4215612229651
8883.226249730702,319298.281899178,200000.0,403000000.0,2300000.0,1.0,57.853877648016685,308.3042260065706
4780.005907924375,52905.14002371906,69000.0,251700000.0,1678000.0,0.0,4.3320119104825086,18.838414919022238
11545.833557115682,139507.49559829707,69000.0,337400000.0,1500000.0,1.0,192.1489490900727,268.4550540246273
9066.612893828165,156267.77078003192,200000.0,366600000.0,2156000.0,0.0,20.683353818107275,82.14398106703482
5741.922892375012,125236.75040395957,200000.0,2010000000.0,5760000.0,1.0,1.228673716500697,31.210927261772607
4141.03007130757,155099.76212872574,200000.0,419000000.0,1690000.0,0.0,1.7113192906114223,47.50538306418002
11241.85242560372,171251.08110029492,200000.0,403000000.0,2300000.0,1.0,62.88841981083205,209.25862841897847
14479.495486162878,200972.34973370755,200000.0,2920000000.0,7290000.0,1.0,21.76419033630366,99.79349214035348
7219.754228317788,206492.29625255064,200000.0,2980000000.0,12000000.0,0.0,1.6977104241598562,15.529412801920731
5690.938429290787,46794.24985527065,69000.0,419000000.0,1690000.0,1.0,6.214980916435902,39.39396372354612
6342.81854993999,86894.09207146813,200000.0,4500000.0,89900.0,0.0,320.7992787749201,766.342406939689
10893.97473598666,245780.20387092402,200000.0,113000000.0,771000.0,1.0,292.9249165895,868.1982268402334
4719.017884104349,233497.17584451046,200000.0,1870000000.0,8170000.0,0.0,0.85428676788693,16.85858856637537
14661.72382509623,41197.61223851141,69000.0,689000000.0,2860000.0,1.0,56.90069874777202,52.79965147678137
8443.749488076208,63519.15378733015,200000.0,111000000.0,641000.0,0.0,22.428308922385032,104.59044896156115
9811.122679372767,38885.39359224096,200000.0,2980000000.0,12000000.0,1.0,1.2836751106877653,7.9481118118587375
8827.940458691955,160295.0234772449,200000.0,689000000.0,2860000.0,0.0,10.420481522867092,61.84768020462983
4365.810097322421,156170.63535528272,200000.0,798900000.0,3551000.0,0.0,1.0590348778463596,24.000680679365615
8839.59304037101,236825.06997035886,200000.0,920000000.0,3380000.0,1.0,18.52104247896276,154.84003256623382
10191.899483333405,12613.609205960176,200000.0,689000000.0,2860000.0,0.0,1.2618110591067133,5.618734141135668
8167.8601362432355,53923.13859813308,69000.0,1180000000.0,4060000.0,0.0,4.699024632196816,13.560241815787839
13000.250429038539,284108.0634326997,200000.0,776000000.0,2590000.0,0.0,52.37038637590444,178.2565624292632
3507.6271387534966,16372.12243911954,200000.0,72100000.0,481000.0,0.0,0.6379971933571689,14.923934767788952
3250.2787082969858,120421.1810114747,69000.0,13170000.0,146000.0,0.0,59.24730567206188,335.10479509378615
7805.397795793046,36740.009744172356,200000.0,200000000.0,1010000.0,1.0,9.099618034030076,70.98277006795533
12349.414423239175,35968.988340827185,200000.0,337400000.0,1500000.0,0.0,13.071668455986774,37.01632861712605
13871.072778960604,128787.5902606093,200000.0,1370000000.0,4620000.0,1.0,26.134390029038144,96.66785917378988
6071.618664020758,68989.66763031224,200000.0,366600000.0,2156000.0,1.0,4.387668630150851,48.571307236634986
8386.863083940756,324212.44785112416,69000.0,308200000.0,1926000.0,0.0,117.10768600762623,176.47490980250436
10494.261353302738,303843.9374426815,200000.0,2980000000.0,12000000.0,1.0,12.274921000695239,66.42953521126515
8627.05300231648,224670.94080864597,200000.0,38310000.0,426000.0,1.0,392.23913057974556,1137.4695507256133
9088.042623477337,115538.66920614571,200000.0,47200000.0,472000.0,1.0,191.39262326466059,556.1548466129852
12980.359579957458,36088.5403989747,200000.0,112600000.0,938000.0,0.0,45.63519192312131,62.42567045502927
9859.880237445603,74001.41812353652,69000.0,27720000.0,252000.0,0.0,482.89357293031503,361.9271429063379
14492.66830639902,163177.85706513104,200000.0,403000000.0,2300000.0,0.0,80.24352925620144,128.52622594531744
5070.7069372363785,94232.86602341663,200000.0,5410000.0,77300.0,0.0,147.84936125626618,772.6831297874933
10317.664875872093,133725.30629314238,200000.0,687000000.0,2310000.0,1.0,22.270495716035963,149.32174196491246
7060.405762097034,213281.1932102164,200000.0,204000000.0,1360000.0,1.0,38.33011686800488,276.81098630296543
9695.558549020829,141431.82960607088,200000.0,431900000.0,2400000.0,0.0,19.43082496997862,71.4198221166866
10232.40976392743,61126.93126010217,200000.0,24920000.0,311000.0,0.0,171.0909785329541,251.397029045344
14000.957460685442,115478.79076761611,200000.0,930000000.0,4490000.0,0.0,22.187137331791313,45.01151551082696
14256.026394789129,115257.84172142671,200000.0,308200000.0,1926000.0,0.0,70.54108009943072,106.64063043787445
12758.217405777612,237839.57599820566,69000.0,428000000.0,2450000.0,0.0,217.7709960608871,154.81678664709997
8080.876395865244,133021.55275790676,200000.0,63200000.0,424000.0,1.0,115.69353562076948,633.8034939991605
5570.311934506804,332207.21096167795,200000.0,217000000.0,1280000.0,1.0,27.562374958508233,361.4253499901102
4650.784238124952,36236.12866229795,200000.0,117700000.0,713000.0,0.0,2.0162885798027603,29.545304353661123
13021.437919614671,310451.93626747094,200000.0,431900000.0,2400000.0,1.0,165.31671621676716,421.09693907610625
12195.691253366898,54556.674086032726,200000.0,2980000000.0,12000000.0,1.0,3.459231709318771,13.86159068674542
7371.592969569228,254659.12908882098,200000.0,112600000.0,938000.0,1.0,94.36993750816413,500.3314087494054
11982.438217145236,162635.50743133572,69000.0,1370000000.0,4620000.0,1.0,61.665189289683106,105.45291773323477
12703.486453089436,169465.3057109659,200000.0,419000000.0,1690000.0,0.0,53.981425281488484,159.23078516037293
9845.032720366697,159803.11719306698,200000.0,478000000.0,1910000.0,0.0,20.769097538081454,102.96249460618911
8023.929920756949,65099.778903596256,200000.0,80910000.0,736000.0,1.0,43.297962540473875,177.43072818588718
6000.038539068085,228000.87230951202,200000.0,920800000.0,3069000.0,0.0,3.482106918363549,55.719046138734086
4923.748010944542,162768.53492710076,69000.0,1870000000.0,8170000.0,0.0,1.960676719809683,12.261800032000163
4100.562835909121,319571.68426731916,200000.0,237000000.0,1190000.0,0.0,6.052839299888108,137.64955587345446
7978.762869828065,144794.34825988425,200000.0,1370000000.0,4620000.0,1.0,5.591991261990722,62.515139050698615
3979.2652465324995,86343.17792641942,200000.0,492000000.0,2540000.0,0.0,0.7199135992914605,16.908583031387355
3063.014379667415,36936.762232045236,200000.0,689000000.0,2860000.0,0.0,0.10029874367601752,4.944835395764642
6457.2189364707665,112391.40615931479,200000.0,1370000000.0,4620000.0,1.0,2.3007945488805523,39.27142403400611
12526.789303673258,165418.62965639256,200000.0,83560000.0,557000.0,0.0,253.34602241249812,465.0278995977889
3197.224226470733,185227.74827119807,200000.0,1870000000.0,8170000.0,1.0,0.3372193546988631,18.12162313915011
3018.7720312007878,129957.4534728515,69000.0,4110000000.0,9140000.0,1.0,0.26263947136464005,10.73063254348985
11018.578835035618,187984.74961059185,200000.0,204000000.0,1360000.0,0.0,80.25608768166427,190.3791161184335
9528.9835191364,277380.19418740796,69000.0,920800000.0,3069000.0,1.0,78.69724636668687,215.31046749318958
13479.97726233021,24801.704556704055,200000.0,419000000.0,1690000.0,1.0,15.103018442133461,49.456570043108606
3194.9067733073716,278096.8055350352,200000.0,1370000000.0,4620000.0,0.0,0.43098165796654775,24.03932271750844
10539.083549707877,272310.4671973521,200000.0,1190000000.0,5580000.0,1.0,27.90324312404191,128.57987299518206
9552.164942492298,286593.01428907,200000.0,1072000000.0,4287000.0,1.0,24.271969684505915,159.64449171071414
11344.671023952767,224790.18823783484,200000.0,204000000.0,1360000.0,0.0,104.74461087290462,234.39069255248157
14323.26180854555,22574.488667923742,200000.0,49800000.0,498000.0,0.0,86.72077578317025,81.1597167130323
13629.484627417261,117302.5788169066,200000.0,162700000.0,904000.0,1.0,190.14594855891147,442.1387430147851
12784.872967871788,170955.92101012677,200000.0,308200000.0,1926000.0,1.0,120.74510435155368,283.7032363992752
7416.230091776076,312425.4157841757,200000.0,687000000.0,2310000.0,1.0,19.322707197224865,250.7596071400951
5241.806611079264,245303.2869782891,200000.0,231300000.0,1156000.0,1.0,15.91107359530776,278.0779393171052
3991.3380796087963,154329.88484826073,200000.0,80910000.0,736000.0,0.0,7.896091310199344,104.61663488732185
5165.477831257081,109880.58246084962,200000.0,403000000.0,2300000.0,1.0,3.914498939648505,61.694099215996026
6547.679392084108,161611.3594538819,200000.0,26900000.0,277000.0,0.0,109.79703331248733,477.51776526307043
7218.563805263905,24400.75536904404,200000.0,112600000.0,938000.0,0.0,5.306718655973521,23.472602549047235
6294.664320898291,343209.2749260549,200000.0,215000000.0,1440000.0,0.0,25.920720296447797,187.53360915609431
7874.522778091829,184449.24661794773,200000.0,29000000.0,331000.0,1.0,323.504544223196,1097.0164606459437
10290.874839850265,275646.0697127786,200000.0,930000000.0,4490000.0,1.0,33.64763246983294,157.94204919323695
4841.257960712497,162973.67336302996,200000.0,419000000.0,1690000.0,1.0,4.597342618074669,116.71562034839772
3922.6251459647806,56816.336661699104,200000.0,776000000.0,2590000.0,1.0,0.4603315042116707,21.51247016320481
6344.277195597736,336576.8177700976,200000.0,113000000.0,771000.0,1.0,79.2284160509764,692.391903224881
5574.845105084637,218038.24213963846,200000.0,387000000.0,1980000.0,1.0,10.168312610093148,153.4759377415864
13233.915484611873,163694.5129834351,200000.0,428000000.0,2450000.0,0.0,57.71174523867161,110.5264974549972
14610.734836356749,345435.3842784453,200000.0,204000000.0,1360000.0,0.0,343.84413101246827,463.8846326091242
6484.347393333764,111985.270600491,200000.0,251700000.0,1678000.0,1.0,12.635873703067011,108.18703776967266
7337.906197496272,86242.14918362522,200000.0,1190000000.0,5580000.0,1.0,2.982756793710751,28.35290326971122
8928.263249363066,132704.81831108994,69000.0,419000000.0,1690000.0,1.0,68.05864548512585,175.2697562633739
14796.143491713428,54122.218102681945,200000.0,204000000.0,1360000.0,1.0,89.51994152823399,147.20590167959946
14995.140527212643,254415.68436284462,69000.0,2920000000.0,7290000.0,0.0,55.437334359630846,65.41493380226214
12880.072794100688,35075.24238982127,200000.0,308200000.0,1926000.0,1.0,25.33096682236845,58.641183184272904
8589.998395452705,185902.40401875245,200000.0,920800000.0,3069000.0,0.0,8.331203211560004,65.04159955327752
5183.557638625649,338529.9687375963,200000.0,117700000.0,713000.0,0.0,26.08033939134922,307.64193642243384
3664.954200213325,52214.78101726415,200000.0,40500000.0,324000.0,1.0,6.611086811639,147.65801003275422
6871.929013854668,251172.9250599436,200000.0,231300000.0,1156000.0,0.0,22.942564888434426,186.6395448977047
6633.8952733065125,191382.53012124938,69000.0,308200000.0,1926000.0,1.0,54.737525795715364,164.79902154267515
14299.28385442315,62426.050739051476,69000.0,80910000.0,736000.0,1.0,681.1083334199467,303.2091777949868
14087.156703795616,24006.063197406595,200000.0,403000000.0,2300000.0,1.0,17.346613532531897,36.758388489465744
6625.129355455471,93258.48962064064,200000.0,40500000.0,324000.0,1.0,69.75015998581355,476.73576946852666
11263.362860075804,63747.35198517044,200000.0,38920000.0,324000.0,1.0,243.79360606087312,554.0197197361026
7082.310820221328,58847.35499529576,200000.0,237000000.0,1190000.0,0.0,5.742649811578296,43.778913763088795
4569.193818628638,135983.66733709903,69000.0,564000000.0,2860000.0,1.0,6.944421278608576,54.31256400620863
8597.670804487638,100940.36931442202,200000.0,1870000000.0,8170000.0,1.0,3.573505765219103,26.556060778726337
6482.544059638818,140610.94339054605,69000.0,4110000000.0,9140000.0,1.0,2.813995532728798,24.93207428327274
13383.690020648612,64297.885124254724,200000.0,15090000.0,216000.0,0.0,665.0339874979338,497.9994001657202
5278.009214680317,64176.42004348548,69000.0,19430000.0,194000.0,1.0,146.62998520821031,436.49966025089975
6702.485784653152,17879.94139355935,200000.0,117700000.0,713000.0,1.0,4.764596196700569,42.019653934356384
5888.743688030041,208336.99807513005,200000.0,108000000.0,867000.0,1.0,41.033576212020044,353.76100991865695
13166.068384721615,156515.44157816377,200000.0,335000000.0,1490000.0,0.0,69.42077977009893,172.87693012442446
9638.67511945382,35000.79491256622,69000.0,8690000.0,109000.0,0.0,680.612384456107,386.8822145468771
6356.648131487784,346290.83821104566,69000.0,711000000.0,3560000.0,1.0,37.77161798868097,154.58209337539546
4160.177832296822,136887.43435043882,200000.0,4500000.0,89900.0,0.0,142.59212485602023,791.8187846283436
12059.582067513527,77679.67972783299,69000.0,2010000000.0,5760000.0,0.0,12.790803587492084,20.329524146184205
3543.640229604897,56592.36701295694,200000.0,27720000.0,252000.0,0.0,5.914557899486476,99.47568870817757
4787.287974917338,313664.77530652244,200000.0,111000000.0,641000.0,0.0,20.184603098750575,292.82441633769395
6822.360381111685,143604.55987460425,69000.0,40500000.0,324000.0,0.0,212.4745246068632,377.9791897513879
12788.985998925891,135241.65535436166,200000.0,4110000000.0,9140000.0,0.0,4.481111766057683,23.65431669581691
12561.057767161765,256610.2322676308,200000.0,56960000.0,570000.0,1.0,930.0609168749636,1413.7262943675582
3616.2619814446516,173352.58646290077,69000.0,192700000.0,1376000.0,0.0,8.028195820900415,56.94843457585378
12295.27355800573,139264.71434715192,200000.0,47200000.0,472000.0,0.0,357.0445972817357,453.46868640773766
11406.250933697418,74866.67146115529,200000.0,72100000.0,481000.0,1.0,160.51321455156003,443.83993828306745
7955.521317467117,79323.17211872574,69000.0,112600000.0,938000.0,0.0,66.93562198988928,84.0961069775504
13473.812506947845,260184.67223135167,200000.0,1190000000.0,5580000.0,0.0,34.818898672619774,78.53224665831961
9730.641274903672,349361.7752578639,200000.0,337400000.0,1500000.0,1.0,99.37644612310515,566.5856850330175
14480.225906358577,166285.60088665943,69000.0,200000000.0,1010000.0,0.0,476.3655536170584,298.00161705615164
11110.422918676417,305002.49717469775,200000.0,112600000.0,938000.0,1.0,386.977347643645,903.1734367971757
14488.048754321258,104862.17461339728,200000.0,920000000.0,3380000.0,0.0,22.56677573960369,56.18521813175731
14787.12355771195,272199.2514897988,200000.0,1710000000.0,5701000.0,0.0,33.508169665580894,88.2530249977263
6804.488940221376,128593.07922844423,200000.0,18400000.0,184000.0,1.0,229.35862553929874,1188.8725345094285
11119.46694939055,139096.02302729007,200000.0,237000000.0,1190000.0,0.0,52.53237747532672,162.4657175256513
12655.390007478843,108753.9016775981,200000.0,403000000.0,2300000.0,1.0,56.97642138349241,149.6003304961769
8308.513342378024,97190.9516609839,200000.0,689000000.0,2860000.0,1.0,8.427627750899084,70.58674113931878
9462.935084503833,327228.13748632465,200000.0,1190000000.0,5580000.0,1.0,24.272249549795465,138.7338092677642
11890.691720261917,91355.90242174067,200000.0,576800000.0,2884000.0,0.0,17.33570482299188,47.08238871893531
5708.059755379965,89164.43033402393,200000.0,2920000000.0,7290000.0,1.0,0.5915658397526286,17.453905912244313
14734.928541997046,63699.965911720166,200000.0,38920000.0,324000.0,0.0,340.8939194776066,362.11977077036573
12070.932712904874,107663.31277189415,200000.0,308200000.0,1926000.0,1.0,64.00094086479511,168.6911479903825
12224.699922453825,231781.56834248707,200000.0,482000000.0,1928000.0,0.0,57.194631388937964,183.70462399785427
13203.997218907121,22681.403834358636,200000.0,4110000000.0,9140000.0,0.0,0.8270907543760885,4.095804063864747
5109.464490466351,322675.8360293176,200000.0,83560000.0,557000.0,1.0,53.65657351621726,739.9913492474914
9815.542423973944,46482.234863002916,200000.0,18400000.0,184000.0,1.0,248.85184105821648,619.9026470909641
10695.748914179248,188268.30184407695,200000.0,117700000.0,713000.0,1.0,203.87459297950517,706.0555697836708
5313.736779285717,48299.89874685252,200000.0,13170000.0,146000.0,0.0,35.82360948437871,219.73711336203166
11623.178081470645,14788.626510278013,200000.0,35400000.0,285000.0,0.0,42.707882432600535,75.39071908303546
4040.8532381802706,237546.9901593844,200000.0,1190000000.0,5580000.0,1.0,1.371988811459587,43.00593747336157
14229.90464401666,12322.240983448854,200000.0,1370000000.0,4620000.0,1.0,2.6996276480065546,9.48832869021004
6203.931923571362,122072.60312632906,69000.0,15090000.0,216000.0,1.0,583.2298035152908,876.5394901955403
10844.200404842384,245541.32074373122,200000.0,576800000.0,2884000.0,1.0,56.54845027979857,230.8165126399728
6681.676104043438,147841.64840925508,69000.0,63200000.0,424000.0,0.0,131.68177288523552,291.223469740162
10664.5359023926,329816.1120736061,200000.0,112600000.0,938000.0,1.0,370.0736181819194,937.4562282506452
14488.32644226272,172581.84590997614,200000.0,80910000.0,736000.0,1.0,675.734890561997,849.3281662879798
11423.288722267851,320350.94201625546,69000.0,576800000.0,2884000.0,0.0,156.2298097682105,158.61049337303112
12142.315439653285,241316.2527725953,69000.0,403000000.0,2300000.0,0.0,202.29062164665757,159.24663379783144
9338.07748887832,133006.85529824288,69000.0,669000000.0,3340000.0,1.0,48.879865248273205,92.96619171608855
9571.790984531177,181865.59907148257,69000.0,482000000.0,1928000.0,1.0,99.90628514951688,225.72348308981154
6937.411652906478,186916.1240028276,200000.0,1072000000.0,4287000.0,1.0,6.064194814403888,75.61896995412627
9997.772141292211,40920.15911357387,69000.0,8690000.0,109000.0,0.0,888.0081060137427,469.1633334896498
8548.539668867084,284351.21986849344,200000.0,776000000.0,2590000.0,1.0,23.845033420102155,234.6320157274917
3036.1856590930647,84086.4449488061,200000.0,49800000.0,498000.0,1.0,4.922779570333149,128.16368387433073
11404.61853716611,193995.5913871679,200000.0,204000000.0,1360000.0,0.0,91.83595953716195,203.3497902263359
8664.854410147804,107610.84034304884,200000.0,1190000000.0,5580000.0,0.0,3.830025412964261,20.887819545842273
14739.999419089212,229599.47815303557,200000.0,419000000.0,1690000.0,0.0,114.25048627490234,250.31776439344574
7589.755426216465,305670.8970056409,200000.0,478000000.0,1910000.0,1.0,29.123147229533537,303.6606477990546
14569.732516568232,307348.26537491445,200000.0,366600000.0,2156000.0,0.0,168.8114211981848,259.6232615922911
4423.5980074233075,347567.9038663796,200000.0,337400000.0,1500000.0,1.0,9.288601148786116,256.2501144979194
11629.127700130224,154203.53010935654,200000.0,1180000000.0,4060000.0,1.0,21.408315392112108,110.42195464607518
7153.916819851521,103720.90745034328,200000.0,47200000.0,472000.0,0.0,52.37991050050832,196.50708272755173
8030.8871819010255,270458.17895472713,200000.0,1370000000.0,4620000.0,1.0,10.651208697381657,117.53350230561043
4210.760557110085,21415.93375645547,69000.0,798900000.0,3551000.0,0.0,0.37767298554346385,3.1743652898957166
5607.2305221306415,303668.2825078192,200000.0,1190000000.0,5580000.0,0.0,2.9289131175454477,38.143773796608514
6471.161416247026,287367.3272995277,69000.0,72100000.0,481000.0,0.0,203.8161117580441,483.2641270036709
12270.458549785484,288250.04629065195,200000.0,40500000.0,324000.0,0.0,856.0626021706711,1364.5679957495274
9680.617417262814,211166.82156251906,200000.0,192700000.0,1376000.0,0.0,64.72348946091967,185.70359836173805
9670.207991804551,25940.592963834697,200000.0,308200000.0,1926000.0,0.0,4.955226319462837,16.280563953206602
12429.655151766216,118369.71548754616,200000.0,2920000000.0,7290000.0,1.0,8.108933866749144,50.45592400283911
7517.522262085585,266501.4730609626,200000.0,1370000000.0,4620000.0,0.0,5.380368230785463,54.20537761403159
6608.837025541774,250576.11114591055,200000.0,115000000.0,919000.0,0.0,40.94734386590896,225.24710025261373
14613.43426255952,199477.49778775286,200000.0,687000000.0,2310000.0,1.0,94.38931026595655,315.4817425087657
5440.040796720653,229879.9895263012,200000.0,419000000.0,1690000.0,1.0,9.20073203942974,184.99356825041883
11695.016547686422,74763.75026645102,200000.0,478000000.0,1910000.0,0.0,16.28825229890245,57.22272883071674
10235.06453986891,307030.9558864435,200000.0,38310000.0,426000.0,0.0,559.4361851157165,922.0896858084595
9706.205715270327,172994.03020011104,200000.0,40500000.0,324000.0,0.0,254.29238341018242,647.806961665004
3184.0044747419142,328634.3194887642,200000.0,38920000.0,324000.0,0.0,17.744749631255992,403.6933425177729
11347.515428459781,249281.3181097393,200000.0,1370000000.0,4620000.0,0.0,17.309331492992907,76.53472952589968
12306.166584765244,139424.99308679366,69000.0,366600000.0,2156000.0,1.0,214.0061292707477,198.9549154691329
6138.739528624232,184357.623608083,200000.0,19430000.0,194000.0,1.0,228.64130314447596,1458.4064838224233
14775.82148215892,169626.74348766985,200000.0,561000000.0,2550000.0,1.0,101.60501317861016,245.72298827193106
7967.162046943495,201258.40733788046,200000.0,1870000000.0,8170000.0,1.0,5.669596394499623,49.065432820396104
6958.383431734319,139145.5234119924,200000.0,83560000.0,557000.0,0.0,36.52621410740575,217.28633409109952
14321.574540571566,124771.85657241267,200000.0,308200000.0,1926000.0,0.0,77.422125582218,115.97413320791327
9558.55594470945,72576.24277283094,69000.0,308200000.0,1926000.0,0.0,38.808637453100324,45.023629075873096
9287.332984848952,295283.2878222846,200000.0,576800000.0,2884000.0,1.0,42.718444825303656,237.72488027622927
3076.6058932893466,56747.120368966454,200000.0,204000000.0,1360000.0,0.0,0.5273974770034171,16.046739425952726
3109.697540287941,181949.19269564212,200000.0,115000000.0,919000.0,0.0,3.0975300430839976,76.95959697811759
11001.056754640076,219616.58276867488,200000.0,431900000.0,2400000.0,1.0,70.52026055044493,251.66817617692192
3079.3482839059066,197558.81070982735,200000.0,16600000.0,221000.0,0.0,22.62421579663137,344.0907153448895
6296.888846373984,342342.978399054,200000.0,117700000.0,713000.0,0.0,47.27938596933204,377.92701302864907
11088.395425430524,284097.01764212584,200000.0,564000000.0,2860000.0,0.0,44.70977352710665,137.68269540214445
9292.624814709796,91929.40298659279,69000.0,337400000.0,1500000.0,1.0,66.01372543918568,142.37757523244085
7253.293210326856,280278.3529083787,200000.0,419000000.0,1690000.0,0.0,16.618431058673895,150.36546406449733
8507.972946614222,92690.68402557989,200000.0,40500000.0,324000.0,0.0,91.76311527213606,304.2476204061175
13174.405224378428,232270.14465011205,200000.0,428000000.0,2450000.0,1.0,129.26216957107314,312.2470415454856
7526.034821811446,171841.73404484297,200000.0,26900000.0,277000.0,1.0,283.6637263102694,1167.2264208140152
14686.076947632,314229.0121285179,200000.0,1180000000.0,4060000.0,1.0,87.86389221339334,284.16203517846856
5152.254038640829,299145.38403544424,200000.0,561000000.0,2550000.0,0.0,4.748101933276059,75.55259867829415
12027.05363816238,252321.8759827823,200000.0,215000000.0,1440000.0,1.0,212.6781899471422,526.8556834248424
9767.498395485178,202676.61276296666,200000.0,798900000.0,3551000.0,0.0,15.391113694512935,69.68612679402082
6980.758075461943,266907.1499371034,200000.0,1710000000.0,5701000.0,0.0,3.4568508673725917,40.85279429753717
9009.514219652701,341269.93132823874,200000.0,492000000.0,2540000.0,1.0,52.840365676934674,302.62561998442885
12282.65899357587,20072.724041356138,200000.0,8690000.0,109000.0,1.0,445.85381622169524,565.4734506242106
7269.734372470175,329988.56729004666,200000.0,113000000.0,771000.0,0.0,73.04405286387946,388.9314575471656
10928.062890178506,39135.99999649015,69000.0,35400000.0,285000.0,0.0,272.26537847625025,187.57924089109446
11557.302392140627,37892.923288870516,200000.0,478000000.0,1910000.0,0.0,7.967249691504068,28.66099299552886
10606.810583556611,261482.79825204218,200000.0,335000000.0,1490000.0,1.0,97.02452465309926,465.3520993150395
3062.342668440361,114810.93474634134,200000.0,12100000.0,138000.0,1.0,28.384941668773482,636.9391744153569
4239.515128099492,40470.40626653175,69000.0,428000000.0,2450000.0,0.0,1.359665419718256,8.753821408534753
5034.995080707906,139448.88798617266,200000.0,12100000.0,138000.0,1.0,153.23416416516775,1271.9646105443785
8917.487306529416,31510.831094164496,200000.0,15800000.0,160000.0,1.0,147.31909330043288,439.05849421935983
8810.775767207142,36153.26287435343,200000.0,1870000.0,37500.0,0.0,860.9087517120652,1061.7943081294513
8949.629240674352,219667.38929216858,200000.0,564000000.0,2860000.0,1.0,29.082409385214582,171.84804986292494
3081.208433105658,144535.27266497797,69000.0,478000000.0,1910000.0,0.0,1.6691634726291031,29.145503993225756
6954.500595351123,123810.31607396538,69000.0,1190000000.0,5580000.0,1.0,10.566165010180727,38.577012403536386
10238.535220677757,246399.38047743964,200000.0,72100000.0,481000.0,1.0,382.07322096847207,1311.2103614195426
7778.8749905280965,118506.80603900827,200000.0,15090000.0,216000.0,0.0,240.66515481627889,533.4777949676827
6910.634849314865,105302.04979783396,200000.0,335000000.0,1490000.0,1.0,10.806240351490022,122.09798910020419
9766.206103545432,211357.19164513107,69000.0,113000000.0,771000.0,0.0,328.7804089640236,334.6559492660373
9601.189883969673,334021.56790534063,200000.0,561000000.0,2550000.0,1.0,54.892826359977725,314.41220576476434
6495.974495823544,245563.99497027654,200000.0,798900000.0,3551000.0,1.0,8.776754877777114,112.30480487323707
3887.5816269874613,346838.2089085691,200000.0,24920000.0,311000.0,1.0,85.18168498966008,1083.892161165783
9079.351716354107,322933.3427226205,200000.0,671200000.0,2441000.0,1.0,37.51061871328331,300.2893690615139
4019.783208611853,271444.3762928138,200000.0,26900000.0,277000.0,0.0,42.67222104138013,492.39510193768234
3531.560322334195,344426.79002367414,200000.0,136000000.0,775000.0,0.0,7.26217460551299,196.18773961234058
8165.466526682187,13586.242746757189,200000.0,920000000.0,3380000.0,0.0,0.5234356948219869,4.102737069971174
9225.573202192194,207376.2204781614,69000.0,920000000.0,3380000.0,1.0,53.43931433031126,141.50625017863172
7693.610024130034,272596.3590372269,69000.0,1710000000.0,5701000.0,0.0,13.699481692824023,45.98425891137658
7139.608651194219,18351.30202876157,200000.0,35400000.0,285000.0,1.0,19.652400641271356,114.93080239054824
14540.734388159644,49463.57490605139,200000.0,237000000.0,1190000.0,1.0,66.83823088528334,151.10014802470846
8463.991622710524,80334.89091082693,200000.0,237000000.0,1190000.0,1.0,21.409686290893443,142.84744615135816
8257.991259276325,246899.51027804645,200000.0,204000000.0,1360000.0,1.0,70.99734113747776,374.7966907712201
12722.231243024376,49128.99067758722,200000.0,308200000.0,1926000.0,1.0,34.1919468749119,81.13063085886509
12600.601509006687,326173.63180612144,200000.0,231300000.0,1156000.0,1.0,293.88391418489255,888.8373609718649
4921.628534584312,200348.64384655346,200000.0,1180000000.0,4060000.0,0.0,1.3177701911188437,30.35842371984063
10557.123826544146,73371.55459644506,200000.0,776000000.0,2590000.0,1.0,11.588617091265554,74.76762424910508
11456.827391516814,79966.72298488945,200000.0,15090000.0,216000.0,1.0,830.1220243638261,1060.376090628692
13463.751960118621,73566.34411491176,200000.0,387000000.0,1980000.0,1.0,48.32760605909689,125.06048103232543
6148.240745428331,303296.4261354845,69000.0,251700000.0,1678000.0,1.0,84.55637252649795,277.82172900908
7663.671130952991,143464.96194289328,200000.0,237000000.0,1190000.0,1.0,28.38159820733625,230.9807325934865
8494.327034118414,68659.35442351551,200000.0,112600000.0,938000.0,0.0,24.330836578124277,77.72055042973874
11065.320980603792,116483.1532543373,200000.0,63200000.0,424000.0,1.0,260.11587396512715,759.9784667407461
7479.672851571727,58061.90471113065,200000.0,4110000000.0,9140000.0,0.0,0.3848629017688319,5.939333320272705
9897.672538492974,153833.1859048922,200000.0,251700000.0,1678000.0,0.0,38.58112140989863,113.42301099820017
6466.017288592147,73613.5171872169,200000.0,149200000.0,1148000.0,1.0,13.894025662231124,103.65554764949555
7308.470066056426,13258.369451515617,200000.0,217000000.0,1280000.0,0.0,1.5528109493122662,9.46273400987576
14565.949072979278,181848.92670842793,200000.0,2920000000.0,7290000.0,0.0,12.530056710173948,45.41841916000007
3370.3284677160577,268759.25030544423,200000.0,47200000.0,472000.0,1.0,22.707372031555604,479.77063149699774
9451.303418457832,67191.05232843506,200000.0,8640000.0,144000.0,0.0,427.4463390784771,551.2526237513154
12301.356334367945,289916.1547191726,200000.0,671200000.0,2441000.0,0.0,52.34657231206215,182.62811994519717
3499.3262672428,254453.28198421473,69000.0,689000000.0,2860000.0,0.0,2.9862889992901365,38.91674184587258
4228.997266529979,292224.0436244635,200000.0,40500000.0,324000.0,0.0,35.52891298578315,476.7803555950193
3386.764745390326,99357.1764120174,200000.0,5410000.0,77300.0,0.0,46.44787515330234,544.1451847892712
4408.632317986932,286042.2302824382,200000.0,38310000.0,426000.0,0.0,41.65224630134894,370.02788167028217
13332.584355242903,217489.0128906221,200000.0,26900000.0,277000.0,0.0,1247.4893506220944,1308.5246438188396
6373.020225482376,193181.30565619693,200000.0,35400000.0,285000.0,1.0,147.138556888468,1079.954708887592
6208.116795336962,301725.7272817276,200000.0,1190000000.0,5580000.0,0.0,3.9496062572905584,41.96121315239526
12428.292579495568,322381.3620221406,200000.0,366600000.0,2156000.0,1.0,175.8492976041462,464.59298346336226
11114.814644399352,176415.96681131684,69000.0,192700000.0,1376000.0,1.0,379.55308013772344,356.2555907376841
7970.7010723804515,163677.18566712388,200000.0,2010000000.0,5760000.0,0.0,2.684667106799744,28.31210762416054
6927.471361931163,10840.848948274812,200000.0,13170000.0,146000.0,0.0,17.816012954192082,64.29766320907667
11367.467733462696,299036.1215288373,69000.0,776000000.0,2590000.0,1.0,170.90815754623213,328.1161643454833
8155.7172082228335,82029.498578631,200000.0,111000000.0,641000.0,0.0,26.100110031452495,130.46205014421503
7053.061862049448,206497.43768872353,69000.0,57900000.0,429000.0,0.0,236.13418910355583,424.3703969619548
13729.855896462672,269166.3676236506,200000.0,492000000.0,2540000.0,0.0,92.18545689785657,181.87083856532806
13040.426146350661,15535.659806733103,200000.0,5410000.0,77300.0,1.0,663.3405647209404,655.2122391479447
14902.058865848043,155451.76229468125,200000.0,366600000.0,2156000.0,1.0,146.1742182865563,268.6168033992475
13493.080431168575,308042.31266056455,200000.0,366600000.0,2156000.0,1.0,215.02057013229498,481.96193192632455
3989.0463684657593,235932.99588033624,200000.0,108000000.0,867000.0,1.0,14.44444792628351,271.3805249185993
11444.376477168531,10369.343255186055,200000.0,215000000.0,1440000.0,1.0,7.530398622843598,20.602546533566294
5714.290337512873,241194.12654133688,200000.0,8470000.0,136000.0,0.0,345.92265844064843,1266.7768995956053
12805.308322959581,345972.66921785247,200000.0,1710000000.0,5701000.0,1.0,44.25318854310502,194.276736566049
3849.939664806145,140243.77472976272,200000.0,564000000.0,2860000.0,1.0,1.4780700796424955,47.196684534468226
13571.867939763248,56623.96021280551,200000.0,308200000.0,1926000.0,0.0,29.90165768804033,49.87622729975128
4714.236802018726,190372.81402587154,200000.0,112600000.0,938000.0,0.0,11.532129350186887,119.59788459284404
8281.193049358222,255626.8889638696,200000.0,2920000000.0,7290000.0,0.0,3.2367651860042455,36.29793580446628
8308.606433269011,83863.19048310764,200000.0,1190000000.0,5580000.0,0.0,2.6315872053118836,15.60901084144938
10074.887013138157,140570.84917666105,200000.0,72100000.0,481000.0,0.0,129.8043781728476,368.0445485436145
5973.436499562948,229170.9931838852,200000.0,920800000.0,3069000.0,0.0,3.45363052733791,55.75669498719909
11654.155666314939,106873.07540215313,200000.0,431900000.0,2400000.0,0.0,25.499773999443295,64.8705967330413
5465.348617829303,216355.13568846634,200000.0,776000000.0,2590000.0,1.0,4.74119549192675,114.13670287598859
3654.8295721830355,315290.27052137646,200000.0,83560000.0,557000.0,1.0,19.188556071277723,517.2047596603232
5892.981067262518,226947.9921604404,200000.0,337400000.0,1500000.0,0.0,8.961798777686006,111.45001842123575
3144.8041486933103,132773.39039395968,200000.0,930000000.0,4490000.0,1.0,0.4625276231184039,23.24868089905784
13067.679634843504,153093.60164582904,69000.0,1072000000.0,4287000.0,1.0,96.22044549645392,116.66539190880269
3165.521108703489,83352.59909585961,200000.0,776000000.0,2590000.0,0.0,0.22182058750342573,12.734286288764254
3989.1337430957506,192432.03746380523,69000.0,2980000000.0,12000000.0,1.0,1.2376748819740166,15.992440289574159
6718.882627399704,183843.5974204127,200000.0,2980000000.0,12000000.0,0.0,1.2182381431202334,12.866912009029376
7688.7780356201965,225660.04410010728,200000.0,63200000.0,424000.0,0.0,105.66188288658401,511.5123793024435
8213.80306327223,164146.42638102852,69000.0,115000000.0,919000.0,1.0,238.82298450264958,366.77541344768304
11417.995334686393,65703.09451803858,200000.0,231300000.0,1156000.0,0.0,27.528881089248493,81.11998558407424
12870.082472631233,98143.96691894087,200000.0,930000000.0,4490000.0,0.0,14.646485750140169,35.16483709460358
8151.894832132511,188110.43189254755,200000.0,15090000.0,216000.0,0.0,439.6510651176995,887.4169314902857
8953.77082722167,183665.83900483043,200000.0,83560000.0,557000.0,0.0,102.72039083992907,369.05337325824956
5002.5767118651665,63485.393574382855,200000.0,15090000.0,216000.0,0.0,34.29056428795176,183.79082837891895
4384.003242409624,261865.18723518,200000.0,49800000.0,498000.0,0.0,28.84495116763657,288.1570858215981
3147.4568764464366,25633.72016251055,200000.0,687000000.0,2310000.0,0.0,0.07574309578554761,4.365856536492983
5147.53120522142,336516.329434104,200000.0,920800000.0,3069000.0,0.0,3.2452382120206273,70.55345009892599
11568.249619662687,232939.12010331123,200000.0,111000000.0,641000.0,1.0,338.41622184203237,1050.9742151092244
9024.491310714993,316659.9431478123,200000.0,920000000.0,3380000.0,0.0,16.4695707329015,105.68398318746422
12282.329754070624,115637.24317611987,200000.0,920800000.0,3069000.0,1.0,24.23837191222745,115.69686807923463
7427.03230983059,109142.33082305109,200000.0,149200000.0,1148000.0,1.0,31.217570974373313,176.52517800371837
7419.283532353425,340431.63335131574,200000.0,671200000.0,2441000.0,0.0,13.485673774116213,129.3403733723652
5941.522492518994,12168.480135613383,200000.0,29000000.0,331000.0,1.0,9.167698944647649,54.60672086519323
7157.084372872874,295455.16234469914,200000.0,136000000.0,775000.0,1.0,82.9640323662669,682.1282339682324
10887.646202111973,298662.0358448334,200000.0,564000000.0,2860000.0,1.0,71.19208032268962,284.24183394062686
14797.388902738772,152737.3862809674,200000.0,1870000000.0,8170000.0,0.0,17.229306474397507,34.579475287445085
4116.319660297058,323233.29701051617,69000.0,2920000000.0,7290000.0,0.0,1.4569686594629656,22.814327423643963
4602.166203011484,288787.38324403344,200000.0,38310000.0,426000.0,0.0,47.83675857696419,389.97873680221016
6780.1069849171,282277.7194798284,200000.0,72100000.0,481000.0,1.0,127.11000699635991,994.7365579687274
4267.893001232294,162852.69423170938,200000.0,2920000000.0,7290000.0,1.0,0.45162859539534705,23.83531803646601
7299.449351248269,271914.4945636117,200000.0,63200000.0,424000.0,1.0,174.30680627263828,1170.2983967792159
13229.786227933784,40743.10193649846,200000.0,80910000.0,736000.0,1.0,121.46163881743617,183.0918916041948
7754.933552157253,26643.209980743733,200000.0,6660000.0,88800.0,0.0,121.4661721537916,290.8450492916442
5998.231538658612,167094.70461792123,200000.0,711000000.0,3560000.0,1.0,5.28313284491622,70.38432072907895
12964.467982735632,344072.8607444313,200000.0,387000000.0,1980000.0,0.0,126.12824016866064,281.6112112909862
7466.876925791972,224301.16652530033,200000.0,24920000.0,311000.0,0.0,243.95473825055691,673.1628636479987
14009.142978138962,35495.641435772624,200000.0,387000000.0,1980000.0,0.0,16.417519891937758,31.392898735766593
8321.175886031866,53789.126658981535,200000.0,711000000.0,3560000.0,1.0,4.540542705934847,31.43179660712467
7739.984258663033,20023.979620099104,200000.0,61200000.0,502000.0,1.0,15.803306809394275,77.18390789608117
13899.650590463081,103493.80146824231,200000.0,2980000000.0,12000000.0,1.0,9.714903513484204,29.969326639320663
10430.11858615075,93566.82494338346,200000.0,83560000.0,557000.0,1.0,132.34878747464805,438.02202867552035
9608.263982447766,30732.883437166543,200000.0,687000000.0,2310000.0,1.0,4.133425538579201,31.957755087242013
12626.01699325353,280247.72306263587,200000.0,287000000.0,1290000.0,1.0,204.7331042771951,685.7388592461061
12377.221270025922,126971.60072855787,69000.0,117700000.0,713000.0,1.0,617.6028177366595,551.036324413263
6245.228217227686,18861.40904142239,69000.0,920000000.0,3380000.0,1.0,1.507790205862506,8.712559464657595
12728.272388446772,105517.1062046365,200000.0,337400000.0,1500000.0,1.0,67.17612421014698,223.84174490220028
10007.867038214721,89139.12349308396,200000.0,492000000.0,2540000.0,1.0,18.917189047501108,87.8043795100184
5893.83354185763,191454.45195985548,200000.0,920000000.0,3380000.0,0.0,2.7738311732733503,41.73079403473249
14791.97562909639,142063.65734810807,200000.0,61200000.0,502000.0,1.0,782.5982705301653,1046.5150185624896
6816.052419502457,260955.73438102775,200000.0,38310000.0,426000.0,1.0,224.6892139724397,1043.8309652058658
11406.72964021702,332169.96992380515,69000.0,1870000000.0,8170000.0,0.0,49.74986358241793,57.97082376866852
5258.803978863076,345922.11153757863,200000.0,671200000.0,2441000.0,1.0,7.807573672721619,186.31058751850452
8885.237041529752,40687.50812930697,200000.0,80910000.0,736000.0,1.0,36.74470066827621,122.79828612706198
9317.38216978213,10232.388770502474,69000.0,387000000.0,1980000.0,0.0,4.035872933923648,6.018881103822667
7089.10853120127,70336.35670233863,200000.0,115000000.0,919000.0,1.0,22.697899632767847,135.64256429602347
10039.310101094514,321856.21014358033,200000.0,337400000.0,1500000.0,0.0,62.84014911063058,269.2678584662427
14526.705003309095,137020.8652283469,200000.0,38310000.0,426000.0,1.0,1142.1014226221776,1168.111319524806
6621.1818447056285,56393.56741154662,200000.0,3180000.0,53000.0,0.0,335.1334516781335,880.6416620366488
14146.142507825103,277577.20948249614,200000.0,576800000.0,2884000.0,0.0,88.69138248242407,170.19100044486584
5104.219559882649,114319.89796130573,200000.0,930000000.0,4490000.0,1.0,1.7027688194026098,32.48963581613816
3021.57488007439,248682.87237403818,69000.0,776000000.0,2590000.0,0.0,1.6682991437876011,36.265150592192796
12249.964710937493,202944.1366419951,200000.0,80910000.0,736000.0,1.0,480.29447081371643,844.4492228790373
12705.683109241576,217869.59182548808,69000.0,564000000.0,2860000.0,0.0,149.52067996001634,120.98697521305756
4687.720417782821,263416.73155467404,200000.0,237000000.0,1190000.0,0.0,7.453991627687556,129.70840240487854
5014.64900101901,311008.8861543467,200000.0,576800000.0,2884000.0,0.0,4.426678189106657,67.59710472702096
13639.842182613862,161854.17759324991,200000.0,561000000.0,2550000.0,1.0,76.26369714403648,216.43778813415736
3813.537360770805,97263.70012452303,200000.0,3830000.0,76500.0,1.0,146.71171589025334,1212.1527917374328
8258.641695909306,152682.09792297048,200000.0,2920000000.0,7290000.0,1.0,3.068032160303258,43.24234362569676
7544.550897291108,195648.14901067445,200000.0,38920000.0,324000.0,0.0,140.54385910885188,569.4743125664065
12590.334789076072,21360.347421980863,200000.0,72100000.0,481000.0,1.0,61.59048869866827,139.77854742917717
4256.700581985747,126214.78839096251,200000.0,10000000.0,135000.0,0.0,63.377971695551146,497.4616325917084
9564.555103346778,315362.218860791,200000.0,200000000.0,1010000.0,0.0,89.82201054486758,373.3043712632571
4979.966337142969,312516.1119373748,200000.0,108000000.0,867000.0,1.0,37.226880508966715,448.7657777574826
5466.605720615245,74594.64758005105,69000.0,671200000.0,2441000.0,1.0,5.481742676125103,41.76357304263935
6378.276881343183,90766.41688206352,200000.0,776000000.0,2590000.0,0.0,1.9759791544747953,27.940798185390847
6534.5933875945775,235086.876843355,69000.0,38920000.0,324000.0,1.0,508.8865043273645,1185.3373078169448
3308.8283127802288,68082.94517535585,200000.0,403000000.0,2300000.0,1.0,0.6375067023076946,24.486388762354952
4386.107084901934,276858.03484275116,200000.0,57900000.0,429000.0,0.0,26.26788124708656,353.82546274357526
6180.052765411455,228234.57006367182,200000.0,113000000.0,771000.0,1.0,49.66018113345917,457.36111734257946
6160.809715948308,294606.77572571544,69000.0,115000000.0,919000.0,1.0,180.87058717004064,493.74762956344557
11357.651412558716,42878.89114871982,200000.0,671200000.0,2441000.0,1.0,9.749581427708948,49.877457868112096
12077.482633864263,87354.33793235308,200000.0,687000000.0,2310000.0,0.0,14.583635086545751,57.08985386205522
8023.584899213406,192074.90007283608,200000.0,15090000.0,216000.0,0.0,428.05100145671474,891.8572151286766
8715.147372977623,36844.71692318829,200000.0,117700000.0,713000.0,0.0,13.490615108953731,56.29508027721488
9201.808762590616,204305.03778429225,69000.0,1870000000.0,8170000.0,1.0,25.701990030246957,57.526801925491554
12086.265067670322,68778.8507542081,200000.0,689000000.0,2860000.0,0.0,11.474157876684021,36.33214253781269
4514.231983662477,153947.46576730383,200000.0,387000000.0,1980000.0,0.0,2.382440063912617,43.87339480874368
10526.714546788775,293596.76034984144,200000.0,72100000.0,481000.0,0.0,309.24544941752583,803.1728919088043
6913.521664436832,103908.27876846476,200000.0,8470000.0,136000.0,0.0,263.920733233478,660.2685077022445
10476.695143065699,187671.08355293513,200000.0,669000000.0,3340000.0,1.0,33.60260376746839,147.16861748149734
4778.396895521335,209897.6053156719,200000.0,564000000.0,2860000.0,0.0,2.6435274407207974,43.83627909169375
4211.8853139053845,107271.57037661663,69000.0,237000000.0,1190000.0,0.0,6.381982268716256,47.45961679294528
6169.639562044454,232627.8080426069,69000.0,80910000.0,736000.0,1.0,203.8677254392693,487.51009773492154
5066.396737880779,147011.14586673607,69000.0,80910000.0,736000.0,0.0,44.58978074879595,126.49741675463882
7820.638779292928,144569.5330385508,200000.0,1710000000.0,5701000.0,1.0,4.212463163204742,49.58016560189285
12523.824718867685,115722.76126830175,200000.0,1072000000.0,4287000.0,1.0,22.088372185200406,84.51665372682764
13426.800301190384,55691.07712926976,200000.0,111000000.0,641000.0,1.0,126.50537979708113,291.6353241703843
12887.633211061688,261921.23163280272,69000.0,419000000.0,1690000.0,0.0,252.50261055122786,249.6704706710858
9183.236431314683,64050.63049726016,200000.0,117700000.0,713000.0,1.0,43.89984740807819,206.23845842606733
3606.7113803056836,132527.5278059806,200000.0,15800000.0,160000.0,1.0,40.99321187112571,746.8570980336375
8570.621565442656,144960.3743556092,200000.0,1072000000.0,4287000.0,1.0,8.867888858194217,72.45162762928314
7469.601138423686,211974.82177373144,200000.0,27720000.0,252000.0,0.0,207.48756458101252,785.4004811697555
7197.118819735854,65594.62893606929,200000.0,1710000000.0,5701000.0,1.0,1.4896250063349807,20.702172355263478
3329.4058787732424,26881.354565832862,69000.0,689000000.0,2860000.0,0.0,0.2717201481448037,3.911666954583117
10768.558701137785,240416.38367093005,200000.0,366600000.0,2156000.0,1.0,85.30472867715082,300.2015236868438
3240.6282899942926,275303.24584861874,200000.0,27720000.0,252000.0,0.0,22.004654150308063,442.5374438613172
10768.458650100289,214388.26316814148,200000.0,920000000.0,3380000.0,1.0,30.311161587194103,170.75674164147145
9247.65477993883,222026.07270353928,69000.0,564000000.0,2860000.0,1.0,94.0003285793559,179.47731403041854
10308.601255656202,111481.81492612114,200000.0,38920000.0,324000.0,1.0,326.85805279317754,886.7450442363405
14426.253577384989,231498.59936229122,200000.0,2980000000.0,12000000.0,0.0,15.184537664939192,34.788098929261594
5883.624932141933,29303.389294789267,69000.0,2010000000.0,5760000.0,0.0,0.5603332904133043,3.741539753713566
8022.788232976099,142013.47314185585,200000.0,24920000.0,311000.0,0.0,191.58710795673318,457.93569985795807
9864.509208442094,74571.15453985924,200000.0,1072000000.0,4287000.0,0.0,4.347216942654003,21.448794047195967
12418.764663553404,318219.0118717186,200000.0,117700000.0,713000.0,1.0,539.4033243784904,1385.65463530976
5039.839968738438,233588.992789449,69000.0,113000000.0,771000.0,1.0,79.89761981143437,381.72864530399823
8649.370473141444,261912.42313341517,69000.0,113000000.0,771000.0,0.0,283.02242150099613,367.2791146560826
13795.09389421038,232507.7790793921,200000.0,287000000.0,1290000.0,1.0,221.5431571165631,621.6020627004874
13457.186785973781,152960.67318283574,200000.0,419000000.0,1690000.0,1.0,92.6738854522516,304.50005176472376
6528.6134598041135,299412.72199187946,200000.0,108000000.0,867000.0,0.0,50.22479195675293,281.8266907198478
9005.728493912451,304949.2365973982,200000.0,337400000.0,1500000.0,1.0,68.76505396387867,457.71500487042744
3648.7436477109013,300441.5219371369,200000.0,387000000.0,1980000.0,1.0,3.9283286192628193,138.41339579250848
14846.299192554077,313567.3419255846,200000.0,1870000000.0,8170000.0,1.0,57.157419118717556,142.4514863904833
11588.021473320432,274840.00032749696,200000.0,136000000.0,775000.0,0.0,204.7282104518782,513.685778309963
12134.31937457999,67325.9572381886,200000.0,57900000.0,429000.0,0.0,135.25677297087228,238.04040423295072
12357.02947569263,53998.0255732172,200000.0,251700000.0,1678000.0,1.0,42.166317979756776,99.41227557171642
8148.305383204922,172316.09381979392,200000.0,47200000.0,472000.0,0.0,128.58624624981516,371.84432067920346
11767.908844927078,333023.3292638229,200000.0,337400000.0,1500000.0,1.0,167.554553128784,653.1646970018166
11120.97770012532,223073.55574835167,200000.0,920000000.0,3380000.0,0.0,21.71190632409605,91.74541564220594
7132.19728875985,53836.47214562293,200000.0,117700000.0,713000.0,0.0,10.803860270224991,67.31632901006469
5004.242247219712,290106.9020892995,200000.0,35400000.0,285000.0,1.0,106.97900184662873,1273.4782593380132
9243.460946950607,188199.99884712658,200000.0,1072000000.0,4287000.0,0.0,9.026875392180873,50.72368029973842
7112.794071090719,316470.4838891383,200000.0,217000000.0,1280000.0,1.0,54.66671154908206,439.6463635706614
13882.730834323651,286082.8277256575,200000.0,1180000000.0,4060000.0,1.0,67.57145330934951,244.55732103678685
14818.554293919125,81804.67791546919,200000.0,38310000.0,426000.0,0.0,452.36841942294575,355.7004287520336
4477.943781011531,251777.4306325892,200000.0,478000000.0,1910000.0,0.0,3.079169494860368,73.78567929977098
6069.470087103515,191809.36762590575,200000.0,56960000.0,570000.0,0.0,49.01860450730667,255.30289895431508
10943.638990054736,232212.9902562559,200000.0,108000000.0,867000.0,0.0,183.46651606064958,366.3862650182174
4837.525177493237,246365.2899351091,200000.0,40500000.0,324000.0,1.0,71.7336582672161,919.5974482419318
4211.7581661775375,186905.13962352445,69000.0,80910000.0,736000.0,0.0,32.568594116596024,133.69552447522673
8025.909021257106,315531.45450108376,69000.0,149200000.0,1148000.0,1.0,330.1157197373252,551.4866609691677
4368.150632210975,46129.660824174294,200000.0,80910000.0,736000.0,1.0,4.949936708680864,68.44473746359455
6155.926987364783,187869.6765814774,200000.0,287000000.0,1290000.0,0.0,9.941775593070782,112.0651174588523
6544.214412007355,23397.94059371334,200000.0,561000000.0,2550000.0,0.0,0.7610200814245204,7.505938237484334
8767.967313284005,89731.79043032914,200000.0,576800000.0,2884000.0,1.0,10.923117740358586,68.20088466154127
4325.171008875861,205211.94016536663,200000.0,2980000000.0,12000000.0,0.0,0.3627479748532541,9.245590982065842
12354.314671013237,35516.392633405536,200000.0,4130000.0,66100.0,0.0,1055.7073803565384,829.7668127313584
12758.140967014593,307207.7527151341,200000.0,335000000.0,1490000.0,0.0,123.98191439322576,328.8087093371758
6752.485283553171,261103.66656933993,200000.0,49800000.0,498000.0,1.0,168.152502009763,885.0896917627255
4660.733312072309,230047.53290097544,200000.0,287000000.0,1290000.0,0.0,5.283323790649964,103.89439922011324
14461.069877905282,101225.19551725448,200000.0,419000000.0,1690000.0,0.0,47.56468880600814,108.27105220264824
5194.433043643712,146264.35485545598,200000.0,12100000.0,138000.0,0.0,110.30021821109598,688.1887662756411
11278.829173803768,172603.30373023218,200000.0,366600000.0,2156000.0,0.0,43.98022884082991,112.86892263492226
5001.344750498822,55053.935920430384,200000.0,10000000.0,135000.0,1.0,71.74266686590776,509.8957655739791
13934.72113526615,174109.44918371754,69000.0,798900000.0,3551000.0,1.0,178.04690885878887,170.80868919951635
13559.40295802383,257274.73580070699,200000.0,38920000.0,324000.0,0.0,1072.8890069336821,1345.868755262754
4355.249752485209,149836.64966995924,200000.0,204000000.0,1360000.0,1.0,6.320564207447708,119.95882929931581
5687.819031884868,334958.8862638703,200000.0,231300000.0,1156000.0,0.0,17.34850140710983,206.01054586839157
11406.962211570652,42382.327073576205,200000.0,38920000.0,324000.0,1.0,168.3645843789495,373.0351877829617
11115.546820289295,140858.04991828286,69000.0,112600000.0,938000.0,1.0,518.734878541321,417.30123904096234
10720.784598681756,63355.30692259202,200000.0,83560000.0,557000.0,0.0,60.82373187707175,152.42787223978934
3898.3829097238176,177160.30678909642,200000.0,136000000.0,775000.0,0.0,5.024464510314109,111.39334068839949
3604.208574318527,85720.21787739167,200000.0,2010000000.0,5760000.0,0.0,0.12999472799931222,6.704721012720752
3945.9671490575,161024.21799621606,69000.0,8690000.0,109000.0,1.0,343.74903700310324,1457.3309046231072
8981.47375408424,117460.91932326797,200000.0,366600000.0,2156000.0,1.0,24.180903132572848,122.3297963859581
7841.275907665957,22182.857017401922,69000.0,3830000.0,76500.0,0.0,526.9490204778874,284.2187945976616
12501.399422067696,337478.22441520164,200000.0,162700000.0,904000.0,0.0,263.8413621160439,583.3725220775408
10855.151802731249,165110.6938952263,200000.0,335000000.0,1490000.0,0.0,41.04373579994394,150.36087638313205
12111.839412949405,85394.01665886461,200000.0,287000000.0,1290000.0,0.0,34.417921639693844,100.22079618207529
14573.20420145208,109274.4116948157,69000.0,419000000.0,1690000.0,0.0,152.32082886534945,117.78685766436278
3549.3373182604114,65812.82501983289,200000.0,2920000000.0,7290000.0,1.0,0.10497799525028023,8.01069670312331
10330.221193664205,73764.75618074514,200000.0,689000000.0,2860000.0,1.0,12.293833269713984,66.60893773110621
12377.044843785055,253707.8909195766,200000.0,4110000000.0,9140000.0,1.0,12.191911836061653,85.89042514041103
3582.8592675828627,328004.8154827619,69000.0,38920000.0,324000.0,0.0,73.1452833140983,453.39316858190745
4540.581384618934,141717.89693502642,69000.0,80910000.0,736000.0,0.0,30.941871617133756,109.28696411183378
9049.321432237972,140785.2971728594,69000.0,1710000000.0,5701000.0,0.0,11.513276234018013,27.933945953570056
4658.160067744147,214858.31288996976,69000.0,40500000.0,324000.0,0.0,101.18824216413644,386.12824588231706
9573.671656314213,116729.67033115982,69000.0,192700000.0,1376000.0,1.0,160.4888267067736,203.03988668248277
5516.552355066024,252890.7421141641,200000.0,798900000.0,3551000.0,1.0,5.535699532000125,98.21775689835532
11524.757324166867,341561.0276597067,200000.0,117700000.0,713000.0,0.0,289.1984765149373,690.1135966288869
9847.65833103719,236833.46093775358,200000.0,798900000.0,3551000.0,0.0,18.431400712362407,82.09852874794787
3303.265695053665,59411.08195515048,200000.0,387000000.0,1980000.0,1.0,0.5763891339926345,24.779114763699617
12426.38631113786,344401.01383216144,200000.0,1870000000.0,8170000.0,0.0,23.00732627795281,65.47827484434309
11287.13820436812,110347.79242694603,69000.0,47200000.0,472000.0,1.0,1015.0392844067374,659.698508299778
8431.134054286478,219477.00347849744,69000.0,920000000.0,3380000.0,0.0,26.980430054357875,68.43343336392287
9735.246633489727,90782.46067250954,200000.0,1710000000.0,5701000.0,0.0,3.1890071974907848,19.37795221544553
14117.817734025355,141768.5805382767,200000.0,920800000.0,3069000.0,1.0,45.12800755677689,163.03869179299133
11924.039594948988,79049.65572797488,200000.0,920000000.0,3380000.0,0.0,9.483991766208714,34.85914293148591
11455.548826713453,230195.0110870002,69000.0,671200000.0,2441000.0,0.0,97.29294530107677,135.03739190766942
5357.628981126553,256470.93704237443,200000.0,35400000.0,285000.0,1.0,116.05973350112178,1205.3299343113904
14801.439882754581,35319.45797482158,200000.0,162700000.0,904000.0,1.0,73.32754428735613,144.57379256243468
3487.6107956625046,104898.16374513158,200000.0,930000000.0,4490000.0,1.0,0.4984226205714168,20.369931421085372
13152.170353086247,11919.346246058843,200000.0,2980000000.0,12000000.0,1.0,0.9478884140366091,3.265943173449771
14143.538861509862,212939.31288488838,69000.0,431900000.0,2400000.0,1.0,421.1691773201045,313.7203590552763
12478.898189009158,197054.46110478864,200000.0,72100000.0,481000.0,0.0,345.77095965646777,639.0391262517851
9444.431430406905,41261.488339282594,200000.0,689000000.0,2860000.0,0.0,3.2844443305121813,17.031962296189093
6972.798439335628,109815.28143786931,69000.0,337400000.0,1500000.0,1.0,33.315681891378986,127.61997050417463
9736.016198130405,265725.47729004384,200000.0,669000000.0,3340000.0,0.0,23.864905865921777,96.82288739342054
8348.00695541631,317528.79588581534,69000.0,149200000.0,1148000.0,1.0,373.82846887106206,577.250129921467
3478.5269811050316,311124.4540595903,200000.0,669000000.0,3340000.0,1.0,2.039026760866859,81.00709640178353
9482.847755310737,106161.85805499513,69000.0,419000000.0,1690000.0,0.0,40.77185881236492,74.46129714174221
9104.82711603256,175513.60111616226,200000.0,366600000.0,2156000.0,1.0,37.64109030075905,185.2992804585771
9166.736401529202,332392.01868046215,200000.0,482000000.0,1928000.0,0.0,34.58251404781146,197.54603327391033
10523.196911705,81665.70147807851,200000.0,1072000000.0,4287000.0,1.0,9.247338804643718,50.115713645104634
4247.121710084042,192836.4327682148,200000.0,308200000.0,1926000.0,0.0,3.120680873841191,53.1541926340145
3865.4459190569055,243254.803361569,200000.0,13170000.0,146000.0,0.0,69.45175723402905,805.0413415623631
3454.6357769537776,34904.329914235626,200000.0,4130000.0,66100.0,0.0,22.685316177892744,228.02902211101878
9899.547531153497,87399.51588016328,200000.0,2920000000.0,7290000.0,1.0,3.024830044590681,29.671318986813745
10562.607175509454,157228.5117773521,200000.0,687000000.0,2310000.0,0.0,17.55887700905257,89.86704581678181
9418.012440732025,228083.7338037575,69000.0,204000000.0,1360000.0,0.0,176.251010280707,197.43524287613988
10027.29615976067,248299.89067022072,200000.0,287000000.0,1290000.0,0.0,56.78778670024633,241.25741668478284
4273.626502439671,277543.2452052738,200000.0,80910000.0,736000.0,1.0,27.88989758945582,402.89272020457184
12183.29089224555,158809.8908191965,200000.0,431900000.0,2400000.0,1.0,69.26549642637907,201.5444892100112
4875.881689798929,84754.3466565735,200000.0,671200000.0,2441000.0,1.0,1.5247487188069617,42.3240646245048
10608.54802823742,111339.21109347249,200000.0,8470000.0,136000.0,0.0,1021.742255193224,1085.6133899917475
9660.836947683143,51899.95403738967,200000.0,15090000.0,216000.0,0.0,201.89742252242192,290.1602971918046
9445.824582653531,331972.9923378164,200000.0,561000000.0,2550000.0,0.0,32.4689544875981,153.7136594020291
13842.55651169455,126909.56094853995,200000.0,308200000.0,1926000.0,0.0,71.10815445760541,114.0156262528886
5176.295817283801,281884.41822588065,200000.0,920800000.0,3069000.0,1.0,4.422743869501852,118.85932999511598
11707.071088009683,175644.7394454745,200000.0,287000000.0,1290000.0,1.0,102.28849386467768,398.50493234939273
10865.675768363431,44015.31947364379,69000.0,204000000.0,1360000.0,0.0,52.231633094396614,43.9573704266166
6813.431246804705,163219.6325930779,69000.0,431900000.0,2400000.0,1.0,36.09079904793859,115.84226508351831
10010.039194142366,202287.68268773734,200000.0,72100000.0,481000.0,0.0,183.21047167347209,526.2233971404645
5023.674130871762,116493.02544966,200000.0,308200000.0,1926000.0,1.0,4.991837488741626,75.96352523085591
13081.320705367863,55663.98301018221,200000.0,38920000.0,324000.0,1.0,333.49167224613524,561.8506276962971
7304.89922536316,113860.410791414,69000.0,564000000.0,2860000.0,1.0,23.75997619961739,72.704442883724
10279.531992850334,296209.6184150086,200000.0,482000000.0,1928000.0,1.0,69.53459235683808,394.82575843971534
10579.517933535059,286298.41594280873,69000.0,2010000000.0,5760000.0,0.0,31.82806337775564,65.73132000455809
5553.128234115562,22463.14516322282,200000.0,671200000.0,2441000.0,0.0,0.3731131085911407,6.387788080343376
9476.125401744599,232328.7673560311,200000.0,335000000.0,1490000.0,1.0,61.47228349654314,369.39203588898494
13697.250524653033,210464.25662411092,200000.0,1190000000.0,5580000.0,1.0,47.3434990743155,129.15688393661617
13175.7820812464,284223.6193554855,69000.0,1072000000.0,4287000.0,1.0,183.10671103209248,218.38514526304115
10912.959683435722,339030.09034475446,200000.0,287000000.0,1290000.0,1.0,159.92367746397116,717.0197107371389
12137.668534008455,88794.9685854673,200000.0,419000000.0,1690000.0,1.0,39.47379865730397,159.43252902042855
11023.027200112409,186080.9781300043,200000.0,687000000.0,2310000.0,1.0,37.78997871933221,221.98871031936176
8455.72139753866,25788.73555040056,200000.0,564000000.0,2860000.0,0.0,1.7997481040923986,9.530697683956957
9256.474849602608,292080.03292224114,200000.0,24920000.0,311000.0,0.0,605.2007974625377,1086.6686008103352
5086.1977973574,232249.60646552066,200000.0,38310000.0,426000.0,0.0,51.9315584091328,346.61603193727956
13025.628812119734,185665.38516833915,200000.0,920000000.0,3380000.0,0.0,29.036749234092003,89.43818012064582
7234.776093116709,305024.6034362241,200000.0,38920000.0,324000.0,0.0,193.21734417682586,851.3829894881206
3079.1722388717803,309891.6426841112,200000.0,26900000.0,277000.0,1.0,35.033884906189485,861.2001292520945
9174.495277715652,105475.2328389571,200000.0,113000000.0,771000.0,1.0,75.08399301854905,313.7749758745588
10224.243317601326,287764.7256868502,200000.0,4110000000.0,9140000.0,0.0,4.871896441971357,40.237644606745235
9881.83813622722,64783.90772496292,69000.0,49800000.0,498000.0,0.0,236.88670930488033,160.6887776029754
4762.381201020957,66556.0645446798,200000.0,231300000.0,1156000.0,0.0,2.0234536066634328,34.27393496987664
10192.290273539156,201625.59879416018,200000.0,431900000.0,2400000.0,0.0,32.180041637329886,107.03263695242437
5046.801407876355,292323.6153994555,69000.0,1870000000.0,8170000.0,0.0,3.791932785882409,22.57189770124908
7538.536225449611,54952.48747552811,200000.0,387000000.0,1980000.0,0.0,3.960465674442355,26.15286095409013
13912.07067707415,242685.06260760353,200000.0,80910000.0,736000.0,1.0,841.288471962397,1146.8246410553766
8710.430225873728,219014.37762332475,200000.0,482000000.0,1928000.0,0.0,19.550289402072796,123.68448228417411
4410.196878897245,173961.9179382435,200000.0,80910000.0,736000.0,0.0,12.00700531740038,130.29998429656968
3014.4024697216405,328829.8458118434,200000.0,231300000.0,1156000.0,1.0,4.056281379017558,214.3653761534642
13497.891608784044,247198.55442745695,200000.0,1180000000.0,4060000.0,0.0,33.540575704546995,102.72965805141692
8785.481374522053,271348.36844817107,200000.0,38310000.0,426000.0,0.0,312.6947099239788,699.5088136761682
13894.306519169142,294644.77477133705,69000.0,492000000.0,2540000.0,1.0,485.013625471688,402.94141879379134
6054.216338140479,270392.0227218745,200000.0,18400000.0,184000.0,0.0,212.30422800448497,1112.1004087403667
7906.1409260871815,46238.29359281595,200000.0,366600000.0,2156000.0,0.0,4.057997506980605,21.19471621791479
6135.634737161719,192275.66289909874,69000.0,335000000.0,1490000.0,0.0,25.017717962810956,98.97090909350764
14901.584090048584,145134.41038646133,200000.0,2920000000.0,7290000.0,0.0,10.707636992102099,37.08389267376237
14862.099168299414,206401.392050692,200000.0,1190000000.0,5580000.0,0.0,37.069344756152944,68.71769617231661
9100.122517397485,277267.5817837482,69000.0,112600000.0,938000.0,0.0,350.1806234275957,336.24319887190444
11481.479202394437,64650.923105293856,200000.0,428000000.0,2450000.0,0.0,14.884466602192884,37.87184842087422
8660.023921060125,214083.45019838458,200000.0,204000000.0,1360000.0,1.0,70.99683193005959,340.8029043788499
7450.021512511944,217069.81281069526,200000.0,2010000000.0,5760000.0,0.0,2.907265797389958,35.094938696972896
9252.066518646707,251945.9827810536,69000.0,115000000.0,919000.0,0.0,327.42778218303073,317.0594384924494
10882.610672482115,283329.36909923045,200000.0,217000000.0,1280000.0,1.0,175.29111564236564,602.2193781224425
10194.178954709874,185376.63472796165,200000.0,112600000.0,938000.0,1.0,181.6779119534682,503.6680672811335
3432.7335977321854,91347.25259770826,200000.0,10000000.0,135000.0,1.0,38.489702903004776,580.6866352827392
6311.2424415057485,145807.45458650144,200000.0,2010000000.0,5760000.0,0.0,1.1872359698778654,19.970186538069328
9212.912411871537,260554.6836497743,200000.0,428000000.0,2450000.0,0.0,30.992365597399825,122.47283055961007
11713.66451648755,200098.71476220374,69000.0,237000000.0,1190000.0,1.0,409.71698632900586,492.41370061026174
12786.17855398427,86940.47440710333,200000.0,13170000.0,146000.0,0.0,898.3949658462877,951.7435182682683
9898.880660949777,98776.55192845929,200000.0,117700000.0,713000.0,1.0,84.79386502527369,342.83916537159644
3868.631646320447,110045.62031916081,200000.0,162700000.0,904000.0,0.0,2.549565270071577,58.86697584425772
14592.665467597271,201477.32529367626,200000.0,200000000.0,1010000.0,0.0,203.80218927197788,363.872674172878
6093.837177832805,140108.90361253178,200000.0,798900000.0,3551000.0,0.0,2.5837746678074303,30.054943881281645
12601.936726188424,150224.83054437884,200000.0,231300000.0,1156000.0,0.0,84.62267671491199,204.70629424983824
11409.82262779865,99538.89507358958,200000.0,428000000.0,2450000.0,1.0,35.984418821784786,115.88991197516283
11985.457583165886,126277.5785166755,69000.0,61200000.0,502000.0,1.0,1072.6260814914733,753.7323511037819
7242.455114594053,314067.52597587026,200000.0,113000000.0,771000.0,0.0,68.74020314313263,368.77755509598796
11197.287702285223,319375.33605588187,200000.0,387000000.0,1980000.0,1.0,120.68622073114075,451.5325155090409
5904.678214139565,100237.82693076681,200000.0,387000000.0,1980000.0,0.0,3.471507973478148,37.36566369386606
13036.016519540271,131049.30693684885,200000.0,711000000.0,3560000.0,0.0,26.583283231592162,59.98458321990287
9497.687455236293,24369.463088539233,200000.0,419000000.0,1690000.0,0.0,3.2441008298580916,17.119344960570587
14812.736192130653,321442.32208866946,200000.0,776000000.0,2590000.0,1.0,140.2413124386692,459.598486301624
9919.982236168917,28410.378238186604,200000.0,38920000.0,324000.0,0.0,46.39227304014779,108.7308825021828
3390.751764399576,128078.24696498924,200000.0,13170000.0,146000.0,0.0,24.682342433273437,371.8163885940269
7553.1360430426785,44254.2608875655,200000.0,112600000.0,938000.0,0.0,11.02573135858037,44.54403690938976
5245.829303434199,99368.67177953802,200000.0,27720000.0,252000.0,0.0,33.69050396435116,258.56700905971303
7117.157521777524,72530.64922676835,200000.0,561000000.0,2550000.0,1.0,4.855200896642924,50.60902506899404
9856.916618150994,342952.6336178446,200000.0,492000000.0,2540000.0,0.0,43.46113582767939,166.3609996824402
12649.050972086654,198815.61612303834,200000.0,387000000.0,1980000.0,1.0,108.3034081163354,317.5288967660464
14509.775048960031,60846.339470264196,200000.0,61200000.0,502000.0,1.0,316.36893988387953,439.67465053092894
4613.660215934673,313711.9392215652,69000.0,482000000.0,1928000.0,0.0,12.061755435593204,93.8381932864415
4187.697591532156,65536.23929927027,200000.0,4130000.0,66100.0,1.0,121.39091033829432,1037.9952778807462
9724.200417771175,326827.1557644412,200000.0,237000000.0,1190000.0,1.0,132.0870554930278,667.6749505512413
4454.849870600445,304905.3185512065,69000.0,387000000.0,1980000.0,0.0,13.14446585431295,85.75173099075225
10798.385797363306,193069.00649773478,200000.0,287000000.0,1290000.0,1.0,88.23399650455895,404.03752280545564
9125.334306433237,273413.08482303395,200000.0,403000000.0,2300000.0,1.0,53.70186482914419,271.1941089960163
6438.282918669469,224782.14476437945,200000.0,26900000.0,277000.0,0.0,145.18725229427662,653.0735753873485
13884.87661522723,36898.055337964164,200000.0,1180000000.0,4060000.0,1.0,8.719193424380217,31.547102568318355
10836.157169165284,251547.38493964533,69000.0,308200000.0,1926000.0,1.0,313.5614981233823,353.8171078269187
13652.30167909548,275531.1725538537,200000.0,38310000.0,426000.0,0.0,1191.475186106316,1103.7660474473241
8403.463877498125,66888.15640301483,200000.0,930000000.0,4490000.0,0.0,2.7787538308416053,15.64844671952247
10944.270573703676,329748.6946949185,200000.0,561000000.0,2550000.0,1.0,80.2619035034405,353.8096996143984
4236.111768682633,31689.41586099448,200000.0,920800000.0,3069000.0,1.0,0.2725084171322729,10.935150494579482
12251.204466552661,188154.14905621682,200000.0,564000000.0,2860000.0,1.0,63.899848248339495,201.49606217813664
4863.292344001942,232643.1096847389,200000.0,63200000.0,424000.0,1.0,44.10552677723086,667.1058102679858
11851.118739024574,160674.54511674817,200000.0,930000000.0,4490000.0,0.0,18.721944916297343,53.01150090526668
5047.295811346587,21952.693504145016,200000.0,111000000.0,641000.0,0.0,1.6555789472821731,21.60720319252079
8606.321720032232,306105.41286914505,200000.0,920800000.0,3069000.0,1.0,22.07431298342424,214.60098268130423
14634.507174654555,247191.77814839612,200000.0,38310000.0,426000.0,0.0,1316.6336778405425,1061.4817637406327
10674.338984529744,115284.85155875885,200000.0,38920000.0,324000.0,0.0,234.54769488069013,474.7645005089873
12656.493194957437,160232.50389602172,200000.0,2920000000.0,7290000.0,1.0,11.588752951515088,69.54669393591773
6642.874986877067,10031.39777427554,200000.0,237000000.0,1190000.0,1.0,1.2924391683644525,13.99943726011533
12190.430441239652,281308.0239265687,69000.0,1180000000.0,4060000.0,0.0,81.49799493766947,105.58084662067888
4959.233943963465,260620.0703951483,200000.0,478000000.0,1910000.0,1.0,6.927116886485442,169.17223816518214
3950.516798100416,222609.82484706503,69000.0,112600000.0,938000.0,0.0,23.001563896634615,117.19401019196704
13241.784280699248,72018.44086089855,200000.0,669000000.0,3340000.0,0.0,16.272935660924833,35.69059349222394
10412.752966830183,102525.60435355217,69000.0,57900000.0,429000.0,1.0,603.6151645259924,622.1292487811368
3232.744766963956,26874.904555853533,69000.0,16600000.0,221000.0,1.0,16.51439874290607,98.28021161266642
4227.2818638784765,101526.34518230948,200000.0,8470000.0,136000.0,1.0,94.32085485456606,788.9347016453022
4808.204324369863,177817.0480865534,200000.0,4110000000.0,9140000.0,1.0,0.5009669617201248,23.385686530537242
3856.616336988682,169849.90404356472,200000.0,4130000.0,66100.0,0.0,153.58307136685943,1238.7403834538109
12939.024568731977,51466.92910316206,200000.0,687000000.0,2310000.0,0.0,10.56537498478203,36.03527381726166
8315.531305715042,260790.4642681929,200000.0,387000000.0,1980000.0,1.0,40.36263569883436,273.8145542744726
14534.5667581656,328313.18385780964,200000.0,192700000.0,1376000.0,0.0,340.5819795323617,433.49290410313705
6585.757005100575,132545.06306168923,200000.0,576800000.0,2884000.0,1.0,6.837292804975621,75.66830595961713
6313.200526061373,50680.861283651146,200000.0,8470000.0,136000.0,0.0,98.02077069512067,294.07944863714414
9972.924272728733,244855.48095101138,69000.0,2980000000.0,12000000.0,1.0,24.607687430480418,50.87344102681571
4073.758832996093,63617.47510710754,200000.0,1072000000.0,4287000.0,0.0,0.26120192478621274,7.55663200228897
14170.185414223524,348970.85501440207,200000.0,115000000.0,919000.0,1.0,899.3871596791191,1345.2072142856453
4847.021225213539,192360.13076527804,200000.0,930000000.0,4490000.0,1.0,2.4534976513144984,51.91389959377394
3256.233992211519,138441.4383901428,200000.0,4130000.0,66100.0,0.0,75.3479867051577,852.4919016956408
8823.625597950158,158750.00141612013,200000.0,671200000.0,2441000.0,0.0,10.578200395994292,71.73036543272052
5277.310034635817,73453.0878426953,200000.0,111000000.0,641000.0,0.0,6.331894794892017,75.59179359345514
4860.305736903923,110528.70481164982,200000.0,671200000.0,2441000.0,1.0,1.9694396091697066,55.018772848081554
3008.6379446909937,226928.86123080272,200000.0,113000000.0,771000.0,0.0,3.560654705940874,110.69176112912491
10436.815278842683,133785.56701425934,69000.0,1370000000.0,4620000.0,1.0,33.51987259280451,75.5571022674785
3760.10107919181,338835.47338280984,200000.0,217000000.0,1280000.0,0.0,5.404263064317751,124.4194950327374
10690.847157420878,47557.80557339741,69000.0,431900000.0,2400000.0,1.0,40.62418271849377,52.96179484661835
13022.320294779496,54123.25054956367,200000.0,387000000.0,1980000.0,1.0,32.17116533039511,88.9912000064411
5299.399682768009,20817.830965996814,200000.0,431900000.0,2400000.0,1.0,0.7472416435885263,11.49187571011766
10487.645807979763,210702.3101077907,200000.0,335000000.0,1490000.0,1.0,75.57658995743336,370.76697975391374
11614.142334837374,14449.277343390491,200000.0,366600000.0,2156000.0,1.0,6.431967863869847,19.459179464479785
13677.207901961598,37185.31309917649,200000.0,335000000.0,1490000.0,0.0,18.489610625104053,42.66705185880573
14258.926292398328,151424.08892131606,200000.0,115000000.0,919000.0,0.0,248.5228843736046,293.6813007103952
6189.787613959983,23822.07177327657,200000.0,40500000.0,324000.0,1.0,14.53049854807411,113.7758987662627
5590.800758652694,186624.9928848486,200000.0,1180000000.0,4060000.0,0.0,1.799362343503885,32.123865511216465
5273.5249572801085,188905.287409857,200000.0,8640000.0,144000.0,0.0,208.75754108246443,864.754121282819
5146.774699547005,264726.0817123066,200000.0,564000000.0,2860000.0,0.0,4.166121045238384,59.54919141902123
9918.76390796572,239327.47167322782,200000.0,564000000.0,2860000.0,1.0,43.133517406801445,207.5028573616428
5164.758463200818,146529.43902906435,200000.0,431900000.0,2400000.0,1.0,4.868783887597591,78.83220420140626
14981.202864639377,160624.13779941786,200000.0,72100000.0,481000.0,0.0,487.66814049656637,625.3489587657996
14962.203770099946,297250.3650664138,200000.0,251700000.0,1678000.0,1.0,412.0544829181645,662.6222486382677
11710.412203382037,216860.54588739327,69000.0,671200000.0,2441000.0,1.0,156.65880806414498,260.09078072427144
12188.498635611419,324889.95368150354,200000.0,335000000.0,1490000.0,0.0,114.32755047544805,332.20811721224123
8369.997467978992,145010.7909743973,200000.0,18400000.0,184000.0,0.0,300.86194763255867,824.551598699274
5662.640441789281,300944.94467279006,200000.0,1710000000.0,5701000.0,0.0,2.080447137349174,37.36500207104763
3452.835601005238,130922.95611706685,200000.0,6660000.0,88800.0,1.0,84.29426790357634,1272.6786144984337
9985.86847631844,89218.0105084397,200000.0,428000000.0,2450000.0,0.0,13.513724936897292,45.45506727836808
9828.779243041437,83928.67527641672,200000.0,111000000.0,641000.0,0.0,46.7406681474377,160.86513678877924
5074.829890275871,290739.78309086105,69000.0,492000000.0,2540000.0,0.0,14.574495015128516,72.61097153158127
6604.719046119296,258468.38306513426,69000.0,478000000.0,1910000.0,1.0,47.03836803246382,223.44385503271073
13413.973163414643,305727.41480121476,200000.0,366600000.0,2156000.0,0.0,131.04577001825987,237.76781873048498
14143.83798939893,225521.61503078288,200000.0,108000000.0,867000.0,1.0,615.4531568792906,919.7638944934305
3494.1870259627585,193576.10800914752,200000.0,111000000.0,641000.0,0.0,4.843686203987661,131.90154546451524
5649.5660978434225,27176.736809581354,200000.0,8690000.0,109000.0,0.0,36.713991129831626,176.07427858878904
9903.05824620092,40628.20386520857,200000.0,35400000.0,285000.0,0.0,72.56733022407131,176.4664339104274
4776.148807900164,124297.1805338959,200000.0,15090000.0,216000.0,0.0,58.427105306664025,343.5543001344249
9577.828860210593,99269.71203779322,200000.0,117700000.0,713000.0,1.0,77.19164287952823,333.3759862904571
7743.825642965593,204252.43218745114,69000.0,112600000.0,938000.0,0.0,158.95904078571968,210.78028011877777
5285.876898831579,127138.46923349967,200000.0,63200000.0,424000.0,1.0,30.948514000834418,396.2489961522967
7196.596796770779,289338.5781098464,200000.0,149200000.0,1148000.0,1.0,75.29182085975421,453.4523267437851
3538.530611176479,288178.4528448169,200000.0,1072000000.0,4287000.0,1.0,1.2406930741448658,59.466309591368514
12092.805391116746,299939.80936092813,200000.0,108000000.0,867000.0,1.0,511.5879589782838,1045.880548918692
10452.02931106654,60210.206474183484,200000.0,8470000.0,136000.0,1.0,845.5072385606519,1156.8361082600711
11880.155820072185,82037.60660657629,69000.0,231300000.0,1156000.0,0.0,112.22599091288393,105.38706202333718
9585.600657733648,221834.27757154417,200000.0,1710000000.0,5701000.0,0.0,7.4387390455475195,46.62372384225875
3220.6621506756537,208221.68073098134,69000.0,49800000.0,498000.0,1.0,42.17370785132299,336.6524528515827
3721.3205949080175,78236.65938022797,69000.0,12100000.0,138000.0,1.0,100.60645799270858,527.4342243269087
10857.094461784643,12833.619584465388,200000.0,431900000.0,2400000.0,1.0,3.9612802975701817,14.514147928660744
13600.827781803411,141417.89688615,200000.0,162700000.0,904000.0,0.0,142.37103100291492,265.95692212571817
4195.2445421104485,117255.0295649851,69000.0,482000000.0,1928000.0,1.0,5.423329076748975,63.78546717030912
14067.241388209046,113675.35779933388,200000.0,776000000.0,2590000.0,0.0,26.54851369938261,77.1765780914212
3220.466704378715,242665.8607993308,200000.0,192700000.0,1376000.0,1.0,4.381392646407795,141.98715933749017
14951.9329349617,342719.86045260355,200000.0,115000000.0,919000.0,0.0,648.5481688710806,696.9973298376453
5706.9923715330515,126207.29196846191,200000.0,431900000.0,2400000.0,1.0,5.657855964829807,75.02750546831611
11758.675967056195,187044.06698499568,69000.0,192700000.0,1376000.0,0.0,297.8017048711502,199.79928917484946
8008.0000377023935,204785.5080063247,200000.0,63200000.0,424000.0,0.0,108.33358754893952,483.46767565909056
6951.416860446558,194359.4754100034,200000.0,366600000.0,2156000.0,1.0,18.55077352093142,156.66439405757643
9496.24592221218,282035.72011579183,200000.0,63200000.0,424000.0,0.0,248.8007472796854,789.5874283809329
13783.718036753427,319251.3232379097,200000.0,1870000000.0,8170000.0,0.0,29.10710585161538,67.32665578903928
9778.131447772274,63736.29173598224,200000.0,4500000.0,89900.0,0.0,862.0861663889578,866.5487188377144
11633.286069487389,72605.97339259966,200000.0,29000000.0,331000.0,0.0,256.6199180407103,318.9750977453691
14205.222292694316,314004.2316654929,200000.0,2980000000.0,12000000.0,0.0,19.664011693837352,46.46354074640599
4281.2571941208125,72813.80883535289,69000.0,112600000.0,938000.0,1.0,15.321418892192474,83.0849261480988
9804.517115267696,88509.85856922442,200000.0,1180000000.0,4060000.0,0.0,4.6025344802120385,26.71787017278376
7311.136014414616,243968.03680912347,200000.0,1190000000.0,5580000.0,0.0,5.216141268028039,39.957067658630976
10256.541115233018,252086.5035120644,200000.0,113000000.0,771000.0,0.0,156.7049486039935,419.1854065932089
8897.347164796018,56754.325596149,200000.0,920000000.0,3380000.0,1.0,4.526072608898186,37.349329728756366
12174.466249538815,15104.848553597389,200000.0,2920000000.0,7290000.0,1.0,0.9723264074217394,6.306360388209337
11056.069045207805,78963.41590318113,200000.0,204000000.0,1360000.0,1.0,54.491247868606,160.48253277040837
13401.298861880146,311779.5513861366,200000.0,2010000000.0,5760000.0,0.0,24.305302586628986,90.67384867944905
10295.159495055537,290271.6950277032,200000.0,776000000.0,2590000.0,0.0,26.573636476244875,144.22748056036903
11909.614256495337,211893.9724735483,69000.0,308200000.0,1926000.0,0.0,219.16376044878314,163.7834550516768
3508.9909921091735,348584.3663181764,69000.0,482000000.0,1928000.0,1.0,9.434465467507806,158.60728752600895
11822.040978603209,199618.3229365592,69000.0,192700000.0,1376000.0,0.0,322.9875323183993,214.38008664937834
5278.204079673829,159448.31740359633,200000.0,18400000.0,184000.0,1.0,132.73621170647795,1143.4792926858902
8069.546189405297,218465.65494292346,200000.0,1710000000.0,5701000.0,0.0,4.370621324966924,38.653716307680675
4706.875425301099,292163.7915050574,200000.0,428000000.0,2450000.0,0.0,4.6343573609760735,70.16217195907076
4358.059034923141,274768.58823785355,69000.0,1190000000.0,5580000.0,1.0,5.77044252540766,53.649539806591875
6881.531189461277,18470.118349930017,200000.0,38310000.0,426000.0,0.0,10.228726309792963,37.29539187149401
10782.917163416367,251899.71350733424,200000.0,711000000.0,3560000.0,1.0,46.269589494728166,190.74534720774076
11474.72051823721,225584.62219983898,200000.0,337400000.0,1500000.0,0.0,65.76571509061542,215.7100410795995
13352.069748946105,65122.1927657597,200000.0,61200000.0,502000.0,0.0,164.9043662185316,216.51296315057994
3615.725882612021,114741.14988175198,200000.0,18400000.0,184000.0,0.0,19.19095793054352,281.8427618398025
4410.647740829758,54734.15081610915,200000.0,3830000.0,76500.0,0.0,79.83172557976089,394.4657820968503
6037.331701416471,165938.50366170245,200000.0,671200000.0,2441000.0,0.0,3.541923021707609,51.30201703412683
10295.807172301673,177778.71072946966,200000.0,38310000.0,426000.0,0.0,329.7293338400744,537.0819615641618
8444.861806346598,160237.6229092305,69000.0,56960000.0,570000.0,1.0,511.5426231052248,593.5020094938084
13586.014379323267,104558.39880347587,69000.0,561000000.0,2550000.0,1.0,141.11784775524006,139.26783427678882
4779.074018156284,232114.1385932769,200000.0,1870000000.0,8170000.0,0.0,0.8820638907305667,16.97201115357841
11003.95851535434,294924.90816948604,200000.0,136000000.0,775000.0,0.0,188.11705107479207,523.4421701035523
3588.3763529855887,151765.3541108218,200000.0,10000000.0,135000.0,0.0,45.653637074226076,504.25111842011046
5129.031208124154,164814.86152689034,69000.0,335000000.0,1490000.0,0.0,12.527005752534272,70.91783291393203
4117.515453861235,111760.12374281455,200000.0,478000000.0,1910000.0,0.0,1.0626089638691276,30.11610187411094
4464.278760071346,302198.6999608748,200000.0,337400000.0,1500000.0,1.0,8.300995832899547,224.8498729260841
5518.144431337371,81077.33330203795,200000.0,564000000.0,2860000.0,0.0,1.572563990446749,19.554040002988625
14752.199348417991,189841.851857635,200000.0,38920000.0,324000.0,0.0,1019.5258262752043,1080.472547560433
6797.862701981667,188633.01661274218,69000.0,287000000.0,1290000.0,0.0,38.96212800977552,124.25400658855621
10371.479770180673,178774.95465204096,200000.0,83560000.0,557000.0,0.0,155.39577376480383,416.1043145395268
13603.964174634733,89125.35742610396,200000.0,217000000.0,1280000.0,1.0,107.71266131374772,236.80823622584936
3287.841570218112,222656.6524124821,200000.0,561000000.0,2550000.0,0.0,0.9183627185058162,35.885284200355514
14987.84408700157,150773.98743828642,200000.0,237000000.0,1190000.0,0.0,139.44545340993827,237.37153530470195
10650.04252305668,13841.07111253012,200000.0,1710000000.0,5701000.0,1.0,1.0184890917519978,6.464128920939092
12482.34603415454,114642.66674292501,69000.0,920800000.0,3069000.0,1.0,73.11042266795849,116.56968365619062
3073.575149223514,243184.1681399657,200000.0,776000000.0,2590000.0,0.0,0.5923983897672773,36.073591499977184
10391.920115957812,19899.909815896608,200000.0,217000000.0,1280000.0,1.0,10.720314840325797,40.390287719062435
7055.242263282516,238640.8055044473,200000.0,47200000.0,472000.0,0.0,115.59719221290472,445.8868370601251
8777.946277444327,223248.16582061423,69000.0,136000000.0,775000.0,1.0,335.2257867144033,632.148518100406
12769.999481494997,325448.59210013435,200000.0,231300000.0,1156000.0,1.0,305.21661407557104,898.7842457552292
11225.919604157145,281842.0133851721,200000.0,204000000.0,1360000.0,0.0,127.24775602806835,290.80292126244154
6365.520343846602,20598.875994323338,200000.0,192700000.0,1376000.0,0.0,1.7950325333239838,11.911570149182525
4991.633853702096,215934.29023364582,200000.0,56960000.0,570000.0,1.0,49.114368488571664,472.74776899355015
12388.12724514665,114815.68261824921,200000.0,47200000.0,472000.0,1.0,481.7313978142326,753.3640286086898
4041.5734199036146,308196.5690910694,200000.0,8690000.0,109000.0,0.0,152.42921941450362,1428.439290990482
6631.544460309136,188534.14269378944,200000.0,669000000.0,3340000.0,1.0,8.56124087995438,93.58327466766963
3448.740432660912,78713.46064314475,200000.0,5410000.0,77300.0,0.0,38.85456506546658,438.9752495386076
12588.303340911554,317684.9722118561,200000.0,217000000.0,1280000.0,1.0,304.20566915745485,781.0771087991996
8801.663315216396,307118.8919099681,200000.0,111000000.0,641000.0,1.0,196.5199185905505,1054.2734338275964
13461.587825261195,289527.0961074008,69000.0,798900000.0,3551000.0,0.0,166.8304608115912,137.19707237549167
5462.245320490358,22427.862556168875,200000.0,231300000.0,1156000.0,1.0,1.6460939700280268,26.49361749481694
6731.775814205766,24970.187646134123,69000.0,428000000.0,2450000.0,1.0,5.373739902586783,17.15241890534942
13670.230511975864,45054.962016615405,200000.0,16600000.0,221000.0,0.0,451.4096486917923,348.36635547253667
6745.714781181589,313326.09870543727,200000.0,387000000.0,1980000.0,1.0,25.88798790682956,266.8697595161063
6319.794464016777,118510.92877050945,200000.0,576800000.0,2884000.0,1.0,5.402201502464331,64.92412548279076
4791.848673596621,103036.54118565122,200000.0,149200000.0,1148000.0,0.0,4.946984122226394,53.760399957798285
4228.5035139242445,194459.7627156091,69000.0,72100000.0,481000.0,1.0,61.56930427338677,427.3772297088125
3347.9122344317047,317119.4186036931,200000.0,564000000.0,2860000.0,1.0,2.197833014813321,92.80489347195729
4033.4349655925394,143251.6986195312,69000.0,38310000.0,426000.0,0.0,46.30229249812088,169.541200144484
11281.498762908474,161584.33027228128,200000.0,63200000.0,424000.0,1.0,382.3942309017152,1074.8310271652126
5377.7656596510415,267856.86573457636,69000.0,403000000.0,2300000.0,0.0,19.507115102738144,78.28649207875688
12068.91522685542,168336.42343467745,200000.0,428000000.0,2450000.0,0.0,45.01402225450883,103.6550012257872
14036.26850532884,169213.8078292416,200000.0,63200000.0,424000.0,0.0,482.0393662453111,700.2153424234372
11522.590824946179,168234.83183969258,200000.0,920000000.0,3380000.0,1.0,29.141189711588144,143.38026107930193
13748.410339678116,97737.94032911169,200000.0,776000000.0,2590000.0,1.0,34.09476376816811,129.7047595945487
3784.38238579044,48381.59948207347,200000.0,19430000.0,194000.0,0.0,8.78620319633749,117.97324283269153
6387.088427061573,128529.25036482273,69000.0,930000000.0,4490000.0,0.0,6.795438741585763,22.85433428574665
7868.231786866743,252852.84929646287,200000.0,111000000.0,641000.0,0.0,72.24122351326518,387.96895987413666
3851.0878794578557,112720.16302595651,200000.0,2010000000.0,5760000.0,0.0,0.20852811734642832,9.420469913189542
5862.903501469627,92854.96075676878,200000.0,38920000.0,324000.0,1.0,50.08403201658147,420.0614772759778
8224.244496274994,277691.10200068564,69000.0,1710000000.0,5701000.0,1.0,27.274924937125387,100.14907548208654
10951.347083116041,36484.09688014383,69000.0,57900000.0,429000.0,1.0,249.88336089788228,232.8379999699981
14470.601356547508,33666.595842004725,200000.0,1072000000.0,4287000.0,0.0,6.195451234981307,14.205035207070713
12256.120546448146,138829.74454253018,200000.0,308200000.0,1926000.0,0.0,53.99054930307383,110.43056104268864
4086.3960579882646,287791.42057323223,69000.0,251700000.0,1678000.0,0.0,14.723317805361312,87.60650525574029
12084.932608609677,234699.67388163198,200000.0,482000000.0,1928000.0,1.0,89.52140994107583,367.78134622952007
10386.865995341366,162034.32132696098,200000.0,1072000000.0,4287000.0,0.0,11.02743735743767,49.07361739763642
9125.086552279956,298196.4934123228,200000.0,115000000.0,919000.0,1.0,205.23169697539086,740.2254657164669
9586.621639242725,28063.285799970647,69000.0,287000000.0,1290000.0,1.0,26.011359761061232,52.13800444152587
6386.510956199137,20602.81231985982,200000.0,38310000.0,426000.0,1.0,14.592647978169454,77.21836068620688
11040.79298307441,55654.33236915569,200000.0,308200000.0,1926000.0,1.0,25.31604800062902,79.75960050611077
11656.070788343728,175478.45455776955,200000.0,1190000000.0,5580000.0,1.0,24.325520138849,91.63930502483238
10706.91479497626,151390.8585343654,200000.0,80910000.0,736000.0,0.0,149.5199953237278,275.29365201520056
10478.981779199603,164494.08213198982,200000.0,920800000.0,3069000.0,0.0,13.382923875484941,70.20733502148052
7616.576613960316,86751.91225982421,200000.0,80910000.0,736000.0,1.0,49.349762539292655,224.4404164859169
7422.943184956703,207291.3857081621,200000.0,1870000000.0,8170000.0,0.0,2.951731445514915,23.54210799942891
9280.281533889365,217424.00713318406,200000.0,27720000.0,252000.0,0.0,408.1375080142642,1000.8710309634783
3633.29126568901,126805.69814079483,200000.0,27720000.0,252000.0,1.0,22.85467000316946,457.0655114033149
13872.660976877723,205148.20254964338,200000.0,4110000000.0,9140000.0,1.0,13.881422741030114,77.84331137819083
14733.126175244737,110170.10151096337,200000.0,47200000.0,472000.0,0.0,485.97648982383674,429.8596414991056
8677.926383448339,67486.94192448552,200000.0,431900000.0,2400000.0,0.0,6.648033729391595,30.502433013785
6371.663177777866,301671.85058716644,200000.0,669000000.0,3340000.0,0.0,7.594092512532965,71.93680472150047
13921.577864149522,261248.8594009437,200000.0,419000000.0,1690000.0,0.0,109.52532401643859,269.0086048868739
6135.031054841968,248263.45667471437,200000.0,113000000.0,771000.0,0.0,33.02884865885481,246.93644884593544
13344.173136331783,126568.31841606172,200000.0,1870000000.0,8170000.0,0.0,10.470494484596674,25.840721458350156
12860.68521328124,294788.8346658827,200000.0,687000000.0,2310000.0,1.0,95.07698143755559,410.30155920213315
8282.220100700773,226775.38660821546,200000.0,15090000.0,216000.0,0.0,555.8476369832549,1086.9234174251953
7140.9086335592665,228368.77308707286,200000.0,108000000.0,867000.0,1.0,80.20513226249875,470.2308371894037
7784.937632939094,112464.82418425768,69000.0,1180000000.0,4060000.0,1.0,13.577186582463098,53.91204693189346
11467.293654984576,171360.45745978167,200000.0,337400000.0,1500000.0,0.0,49.860556472752414,163.753390545312
3142.3564811461156,325255.6588581582,200000.0,478000000.0,1910000.0,0.0,1.3745865926178724,66.88934735879003
14541.152673684366,242177.94571068924,200000.0,492000000.0,2540000.0,0.0,98.53142763880545,173.30445289263926
10649.089815064795,335102.44300247246,200000.0,112600000.0,938000.0,0.0,233.9836209685835,475.55117441109877
13300.268078379982,123888.91825013516,200000.0,492000000.0,2540000.0,1.0,61.713092374015595,162.18069140425766
10010.122006340662,166776.92177050817,200000.0,798900000.0,3551000.0,0.0,13.632340633353513,58.76715484246766
5339.108215566186,124718.24504751094,200000.0,72100000.0,481000.0,0.0,17.139955143273486,173.04683127966663
11073.622316879882,292774.4299404596,200000.0,2920000000.0,7290000.0,1.0,14.182349413278459,111.182217462284
4246.887417331298,161620.34913536592,200000.0,18400000.0,184000.0,1.0,70.08405620719569,932.5861781625963
3408.501150342863,220595.05605146315,200000.0,56960000.0,570000.0,0.0,9.98446762841941,164.8900224366809
13025.509645058934,333166.2461444057,200000.0,711000000.0,3560000.0,1.0,107.87090845145961,304.75141520795336
10256.229412249379,137825.86964349577,69000.0,113000000.0,771000.0,0.0,248.31626487250674,229.1786215963668
11347.843603872925,96134.15122146404,200000.0,431900000.0,2400000.0,0.0,21.175969443754248,56.81850588813619
6327.449778655702,31211.709157762376,200000.0,136000000.0,775000.0,0.0,3.785066793770897,31.853310032544318
14753.063761763538,78227.4988852638,200000.0,61200000.0,502000.0,0.0,267.21661945422335,287.37432245462844
4301.165623415046,193814.93331015474,200000.0,689000000.0,2860000.0,0.0,1.4572541365695069,36.43488323680256
4274.996541077723,160137.78107789237,200000.0,564000000.0,2860000.0,1.0,2.3107383518298024,59.841648619211995
3844.9479256282348,257365.35150708823,200000.0,16600000.0,221000.0,0.0,57.37492905629604,559.7038316774475
4786.251305299877,227713.99155478922,200000.0,576800000.0,2884000.0,1.0,4.508994698331779,94.47784234691079
4819.289687280821,122142.49556936295,200000.0,15090000.0,216000.0,1.0,94.37466299310226,681.2963764769762
11733.209053957793,286173.72234932915,200000.0,671200000.0,2441000.0,1.0,71.73927737725064,343.8894008678547
7613.086487724365,244348.84487175988,200000.0,711000000.0,3560000.0,0.0,9.872605073822102,65.31772785057358
14220.506250107412,132032.23104305193,200000.0,2010000000.0,5760000.0,1.0,19.676952812380225,81.49154369631134
14964.189555539835,230005.29923160948,200000.0,482000000.0,1928000.0,0.0,104.10202819326402,223.14852803946286
7080.753482621024,296001.739623229,200000.0,308200000.0,1926000.0,1.0,35.51639029842137,272.0554710149345
9653.705660044954,338954.40660875774,200000.0,40500000.0,324000.0,0.0,490.2043996700229,1262.4097506080457
10593.495229302382,260010.22222949512,200000.0,47200000.0,472000.0,1.0,682.1737705149719,1458.907335147288
11636.868416939695,211601.4456829797,200000.0,687000000.0,2310000.0,1.0,50.55906469211127,266.4911450483621
3197.019431326629,125356.93600072346,200000.0,49800000.0,498000.0,1.0,8.568082121567645,201.1890362679992
13442.400354825442,192430.87374153905,69000.0,1180000000.0,4060000.0,0.0,74.75029505557099,79.64078957705613
3442.532009076451,58140.76055753379,200000.0,27720000.0,252000.0,0.0,5.570962411490556,99.28146292231857
3599.495968639464,114494.69386824468,200000.0,13170000.0,146000.0,0.0,26.395715822421238,352.84519606966893
13024.225883875115,31745.589211970982,200000.0,669000000.0,3340000.0,1.0,10.920481829771399,30.947733885737723
13030.75137575204,260895.6570227091,200000.0,111000000.0,641000.0,1.0,541.727663713138,1325.9229491717228
11209.060601231486,195600.83081343767,200000.0,689000000.0,2860000.0,0.0,26.02962485513502,95.82611740555045
14108.106367169541,23837.624083057774,200000.0,192700000.0,1376000.0,0.0,22.614980228417704,30.55084811994894
12331.939651765257,15314.310931214364,200000.0,403000000.0,2300000.0,1.0,7.423613512550892,20.52773458827303
5152.954273772564,40308.021607190545,69000.0,18400000.0,184000.0,1.0,90.50075399635458,282.2084133262303
12688.941638968054,272671.3208991605,200000.0,561000000.0,2550000.0,1.0,103.43834599027005,339.20690955979467
6251.396971024888,163142.5045437414,200000.0,61200000.0,502000.0,0.0,42.39901051432491,253.95133435013958
3451.4545437340703,71200.15877371709,200000.0,112600000.0,938000.0,0.0,1.6926136151916757,32.74841571349911
10526.299848540151,276078.2303095454,200000.0,4110000000.0,9140000.0,1.0,8.16105526018891,79.48802609114493
5827.668087950605,49952.65972200926,69000.0,492000000.0,2540000.0,0.0,3.791993898713751,14.326157528059081
13352.772721153042,345505.92171777604,69000.0,920000000.0,3380000.0,1.0,269.9552080976779,341.23239988979765
10517.5709419841,80756.95897627651,200000.0,217000000.0,1280000.0,1.0,45.10195214755196,165.8920009944986
4790.609003774262,296885.77614214347,200000.0,83560000.0,557000.0,1.0,40.69039500212428,638.3589193353339
11041.711621523473,24659.304457674807,200000.0,18400000.0,184000.0,1.0,187.93210049332453,369.94691387091586
6016.581356611367,219718.579156341,200000.0,49800000.0,498000.0,1.0,100.09573825098178,663.6318810507269
3629.478954511405,192702.61749477524,200000.0,29000000.0,331000.0,1.0,33.094149945183844,528.2553585169773
4392.781025546148,314326.91946627153,200000.0,38310000.0,426000.0,0.0,45.27900481768241,405.15531914608454
8028.795289881652,264009.496198072,200000.0,1180000000.0,4060000.0,0.0,7.538717685934804,65.26102831154543
6913.586696486061,43341.805492492305,200000.0,387000000.0,1980000.0,1.0,3.8550946080524082,37.834258820022995
5647.953099625978,170136.6883436692,200000.0,108000000.0,867000.0,0.0,18.47805472751222,138.54152772356258
4739.29526354359,325481.61959057604,200000.0,61200000.0,502000.0,1.0,58.971898985216576,768.2039333147902
13219.816398519362,165916.83448997216,200000.0,200000000.0,1010000.0,1.0,199.64824423295653,542.9183389556797
6541.938150254129,63307.96218250665,69000.0,26900000.0,277000.0,0.0,124.34119731802967,186.89385063927475
9633.067654520632,88098.78013581985,200000.0,231300000.0,1156000.0,1.0,35.46637979216305,183.53406343619818
8137.324399010436,306683.4801723243,200000.0,111000000.0,641000.0,1.0,155.07473948805392,973.3162893836841
5668.879320486422,325343.09164585435,200000.0,15090000.0,216000.0,0.0,255.71297756480126,1067.3210210037728
8013.262240307095,25036.2264634665,200000.0,117700000.0,713000.0,1.0,11.401165296271614,70.34426653557841
3997.098287208702,266046.75519633153,200000.0,689000000.0,2860000.0,1.0,2.568632623690835,92.95585922313182
8458.089571931418,272423.9026541421,200000.0,113000000.0,771000.0,0.0,94.9713018284206,373.57097441372406
7445.045527232673,167860.5677137278,200000.0,192700000.0,1376000.0,1.0,37.445343031415646,227.05842457413843
13721.213283307907,123188.08704996787,200000.0,35400000.0,285000.0,1.0,936.422330146039,1482.7105406800556
12452.302129685746,37526.07413347639,200000.0,115000000.0,919000.0,0.0,41.0197514341025,63.55903330399146
13920.049370049204,133756.77750939492,200000.0,669000000.0,3340000.0,1.0,56.17470146341633,139.36384330158904
8584.234501641999,23897.273870514244,200000.0,61200000.0,502000.0,0.0,16.080903362580752,51.08062820080506
11458.483910590938,200657.79090802837,200000.0,1190000000.0,5580000.0,0.0,16.515789059304037,51.506139530781425
5863.592464295074,48609.610800989365,200000.0,24920000.0,311000.0,0.0,25.602019513540963,114.56067025120883
11434.123385828194,266078.98945589125,200000.0,111000000.0,641000.0,1.0,373.2716390828877,1186.5756613944022
6208.294228038129,241277.09123340176,200000.0,108000000.0,867000.0,1.0,55.68496786718904,431.92594373182396
7142.718981421945,175317.14775035554,69000.0,711000000.0,3560000.0,1.0,27.13033517571976,87.93828082901398
12598.846406338196,331424.2095924604,200000.0,217000000.0,1280000.0,0.0,198.8500131306147,407.7697960934813
8494.489439187237,37257.93713951146,200000.0,18400000.0,184000.0,0.0,80.80190672434738,215.00485975373704
3923.3677186994173,66020.51372692382,200000.0,1870000000.0,8170000.0,1.0,0.22209721004345773,7.926032812980148
11188.84049726441,326785.30055947084,200000.0,237000000.0,1190000.0,1.0,201.18619743602542,768.1404631955425
11852.5109271423,17303.981476394165,200000.0,204000000.0,1360000.0,1.0,14.712136111814004,37.701402487506826
12623.869231253391,293882.15632835444,69000.0,308200000.0,1926000.0,1.0,579.198884239659,481.558918858822
9944.455266844554,232958.57056720118,200000.0,57900000.0,429000.0,0.0,257.60358870025357,675.0134277486331
7462.827799086933,107969.73959889195,200000.0,1870000000.0,8170000.0,1.0,2.499766687281585,24.656045720280353
8471.118446250008,66563.44466160442,200000.0,482000000.0,1928000.0,1.0,8.744596608021693,73.11551140026401
3493.8174778616158,117652.78484924551,200000.0,5410000.0,77300.0,1.0,96.6127296089176,1329.422238115868
5213.958996995272,201245.66242415973,200000.0,576800000.0,2884000.0,1.0,5.1514902040495025,90.95757907444636
4457.880281248746,18474.569749468494,200000.0,1870000000.0,8170000.0,0.0,0.05698056011757968,1.260058448450493
14133.735476751737,63058.11093345328,69000.0,117700000.0,713000.0,1.0,456.7147544621649,312.49882875076537
11465.41627903791,171129.6290504361,200000.0,15090000.0,216000.0,0.0,1112.7926175184955,1135.4585849192895
12594.914099445776,257704.8877502938,200000.0,200000000.0,1010000.0,0.0,167.6050399247053,401.70432230474034
11779.686255363931,316059.31947847834,200000.0,798900000.0,3551000.0,0.0,42.10039147025859,131.05743528371497
6916.3976360887555,216771.4112851493,200000.0,24920000.0,311000.0,0.0,187.37110261013353,602.6034069872461
13193.416665088362,240201.55197627575,200000.0,162700000.0,904000.0,1.0,353.1741087203766,876.4046346306003
8885.584323205752,215078.43737100405,69000.0,115000000.0,919000.0,0.0,247.5977531306091,259.94254507112254
7332.778429766714,60301.61904862285,200000.0,419000000.0,1690000.0,1.0,5.9108427251939535,65.41100760942874
3146.2894932613094,127272.87247375184,200000.0,8690000.0,109000.0,0.0,29.697568575088344,459.21708880896705
4051.1835708345598,257470.1413650338,200000.0,4110000000.0,9140000.0,0.0,0.27116872691980953,14.265027443631682
6463.608219962447,283928.74693513085,200000.0,4110000000.0,9140000.0,1.0,1.94321737321623,50.19705094567133
10046.160811001275,39266.51126770195,200000.0,40500000.0,324000.0,1.0,102.39917033989434,304.38093108207096
4061.3793438630273,149216.61717589226,200000.0,4110000000.0,9140000.0,1.0,0.253352271340107,16.57618399232242
8545.439575038581,203091.5502964174,200000.0,387000000.0,1980000.0,1.0,34.11244744497516,219.12961758320887
7581.234391581699,198314.75501357845,200000.0,40500000.0,324000.0,0.0,138.90841667351575,580.0426855968842
6646.972551414414,200155.55926822906,200000.0,920000000.0,3380000.0,1.0,6.655493333083213,98.40447547848011
3029.3600994965996,99310.18801076408,200000.0,711000000.0,3560000.0,0.0,0.2528050181473475,10.563424193584822
13712.238307686659,151833.3025350167,200000.0,1710000000.0,5701000.0,0.0,14.90406614831562,45.649325280726664
3341.3110184092507,270004.2409766748,200000.0,204000000.0,1360000.0,0.0,3.214399938659477,82.91986630446428
8712.48855956722,246043.33354693255,200000.0,419000000.0,1690000.0,0.0,25.28325741319465,158.55397401517826
6836.173337195273,308627.8699019271,200000.0,287000000.0,1290000.0,1.0,35.78666352435994,408.88248359275514
6272.04424391658,152634.76175311225,200000.0,108000000.0,867000.0,1.0,36.32334238491456,276.0472834127059
9355.34795870899,328347.7867105683,69000.0,217000000.0,1280000.0,0.0,233.79966462902695,299.9812300926769
5198.96996897662,42132.941809141965,200000.0,671200000.0,2441000.0,1.0,0.9188625028242352,22.4342379322365
11260.159703718664,42583.3593435802,69000.0,287000000.0,1290000.0,0.0,39.974345560412374,46.46273516758649
3154.7719660654157,186178.0537343177,200000.0,57900000.0,429000.0,1.0,10.516775617034323,342.2781495440245
14050.888530384418,65429.90844564193,200000.0,2980000000.0,12000000.0,0.0,3.965337873765152,9.576545313782098
12978.882657445978,280336.2909331865,69000.0,112600000.0,938000.0,0.0,1027.1705036209314,484.86831351886457
14429.942565469695,297663.71489251044,69000.0,669000000.0,3340000.0,1.0,403.64842212524667,321.50226869187514
13992.373920357257,49632.321286255195,200000.0,16600000.0,221000.0,1.0,853.2169477830358,785.604070104746
6738.88159016228,133273.31235457025,200000.0,56960000.0,570000.0,0.0,46.61712345991505,196.95462085224062
14641.337455097895,68550.43427172497,200000.0,29000000.0,331000.0,0.0,483.01792518115315,379.029471626073
4423.162688823745,53762.92266933001,200000.0,1710000000.0,5701000.0,1.0,0.28340941063247366,10.42808952784987
4504.1301736093465,54274.20581562258,200000.0,1710000.0,34200.0,0.0,188.81606901862023,893.4871639724046
4293.8085823767815,279638.7617612496,69000.0,38310000.0,426000.0,1.0,174.47087111986218,704.6451380373419
4427.066615986463,96024.2402159848,200000.0,40500000.0,324000.0,0.0,13.393152433226131,164.0068318617465
12054.603257462702,276006.0767985121,69000.0,561000000.0,2550000.0,0.0,162.63133841723698,163.09528198308934
5400.2931283219295,238004.2202735055,200000.0,428000000.0,2450000.0,1.0,9.122663547186644,131.1523015565919
11954.376155899015,104307.72455475586,69000.0,237000000.0,1190000.0,1.0,227.01708820846696,261.96087716249195
13261.656984743571,275472.72628328495,69000.0,1370000000.0,4620000.0,0.0,88.49955787360548,98.84266246268712
3820.0444667731826,288659.41164318804,200000.0,337400000.0,1500000.0,1.0,4.967920824063482,183.78196470493202
4184.228622099647,82765.23137809512,69000.0,27720000.0,252000.0,1.0,66.04053718500349,343.5601686973467
10072.566853623906,159486.38192563306,200000.0,113000000.0,771000.0,0.0,93.90190920061696,260.4470240253593
14775.613490904723,154191.22809807328,69000.0,1180000000.0,4060000.0,1.0,127.26937115699184,140.28756096460452
12136.913357789464,116855.29263339368,200000.0,669000000.0,3340000.0,0.0,20.330862761845196,53.07868870099249
3986.975341568774,177862.35153187576,200000.0,18400000.0,184000.0,1.0,63.8154186678796,963.495665422452
11834.093062163016,243595.829545713,200000.0,920000000.0,3380000.0,0.0,28.569046525256628,106.61004868337893
6487.071900215356,300824.3267648441,200000.0,204000000.0,1360000.0,0.0,26.208230810944997,179.36296296482345
11118.223972768119,50534.06692106254,200000.0,2010000000.0,5760000.0,0.0,2.24958927865266,12.192905257881403
14730.850258623554,262086.9342580341,200000.0,204000000.0,1360000.0,1.0,427.78683469671864,709.6991513413498
5389.036626097409,78089.58904658764,200000.0,711000000.0,3560000.0,1.0,1.7905469341262334,29.55250389669683
8096.450483071848,179697.43814093043,69000.0,38310000.0,426000.0,1.0,751.6633893168136,853.8212499078057
12473.912787525434,228902.6005618015,200000.0,287000000.0,1290000.0,1.0,161.25222167400244,553.3548597375474
10237.985189271461,147510.82372485017,200000.0,162700000.0,904000.0,1.0,101.34646222221247,417.6475742678304
12215.99466693116,46732.4671264337,200000.0,57900000.0,429000.0,1.0,153.2693853357168,332.68273262767974
10540.452355957299,55766.84944410617,200000.0,108000000.0,867000.0,0.0,39.36759526342729,84.7473788361287
8977.618903944562,19094.621915404976,200000.0,478000000.0,1910000.0,0.0,1.8818085990291353,11.218863787397348
6923.470629996358,112935.88780960959,69000.0,492000000.0,2540000.0,0.0,14.375670815337878,38.47973928751991
10945.118799617801,176685.12248717409,200000.0,671200000.0,2441000.0,1.0,35.953257109454064,198.05813762258472
3394.317553359494,199266.62716418316,200000.0,26900000.0,277000.0,1.0,30.17647220349396,610.4460382509609
4613.858906548589,253345.88447427275,200000.0,669000000.0,3340000.0,0.0,2.4215277414460825,43.74633852991488
9747.064935059976,63145.72537148681,200000.0,776000000.0,2590000.0,1.0,7.849329859515438,59.40979590418281
3337.763839107461,25340.27370503053,200000.0,237000000.0,1190000.0,0.0,0.2588442700230613,8.884437945981583
10007.603737136706,270165.9669209762,200000.0,478000000.0,1910000.0,1.0,59.0094832946716,353.88925918921433
7141.716330523388,131504.46742814826,200000.0,115000000.0,919000.0,0.0,27.118098802636958,127.74314507188753
5971.367171521968,230348.16046143946,69000.0,403000000.0,2300000.0,0.0,22.96628342202742,74.75507844564952
3786.002832854386,113670.23511916577,200000.0,26900000.0,277000.0,1.0,23.88724418008961,388.4077907693277
6913.4020540753845,166709.19137925687,200000.0,8640000.0,144000.0,0.0,415.07830042618093,1000.4580435022575
8054.071539636154,16936.772738589927,200000.0,38310000.0,426000.0,1.0,24.059894778741114,80.05280474598572
8860.303410892786,244893.74793721616,200000.0,200000000.0,1010000.0,1.0,88.72014671478266,537.0873539986477
12737.486132821788,236911.76873030813,200000.0,112600000.0,938000.0,1.0,452.92697227411446,804.2804821172533
14633.133033155602,78597.9331207542,200000.0,482000000.0,1928000.0,1.0,53.22366991068022,149.13563426959715
6181.861196237625,111088.89146683672,69000.0,2010000000.0,5760000.0,0.0,2.463893961729455,14.903127332723002
10494.867480655434,335699.9615674142,69000.0,492000000.0,2540000.0,0.0,148.83557693266653,173.3822150546954
6280.379182154218,202585.6202274794,69000.0,27720000.0,252000.0,1.0,546.6163997373307,1262.2167776591366
7167.797845213272,36064.94114937272,200000.0,117700000.0,713000.0,0.0,7.346403772301491,45.320162597861625
8194.925814580027,193582.176912874,200000.0,4110000000.0,9140000.0,1.0,2.700146908641098,43.391454563078696
10499.566511693825,164097.72581108275,69000.0,113000000.0,771000.0,0.0,317.19615566554404,279.3377085880659
3718.57993503835,78220.32931337794,200000.0,1870000000.0,8170000.0,1.0,0.22404650067395254,8.900506337113102
11957.202197787758,270280.2278257439,200000.0,2920000000.0,7290000.0,1.0,16.4834802349221,110.82974397038744
12962.572566670578,31905.360039586893,200000.0,2920000000.0,7290000.0,1.0,2.479037905258062,14.182974786657581
6444.53516418123,64598.66544002186,69000.0,1370000000.0,4620000.0,1.0,3.8105480629702635,22.527509252570404
4362.702919539414,75251.44390329283,200000.0,63200000.0,424000.0,1.0,10.298961807480714,193.57293279273446
9717.900126394012,158285.18974398452,200000.0,387000000.0,1980000.0,1.0,39.09987574513489,194.21712947209406
4637.167545778321,97854.92813950584,200000.0,431900000.0,2400000.0,0.0,1.4708441100043812,23.633838383493195
10731.525854991765,24359.006342944063,200000.0,16600000.0,221000.0,1.0,188.9142315898623,295.7118850352862
13758.065708034892,116727.62322831087,200000.0,204000000.0,1360000.0,0.0,97.01176306454144,147.60535940421357
7884.082218716136,133567.64337695017,200000.0,776000000.0,2590000.0,0.0,5.49163621668523,50.82327616525605
11690.813437946164,57790.4516477435,200000.0,15090000.0,216000.0,0.0,398.3912794615619,390.9822851321576
14195.225368795627,187465.57001645732,69000.0,337400000.0,1500000.0,1.0,479.85827247663246,443.5193358788387
13614.778347931693,90946.13078191315,200000.0,72100000.0,481000.0,1.0,331.5961315063479,643.5610250508149
4281.768158837043,82796.93700204774,200000.0,5410000.0,77300.0,1.0,125.14549409127565,1146.5630287989586
13354.799204124296,29014.63692428109,69000.0,419000000.0,1690000.0,0.0,31.12467995199149,28.66010725624073
4355.536161347323,195553.31128899488,200000.0,1072000000.0,4287000.0,1.0,1.5700881185616573,49.66990429148406
6332.805175730604,276652.90548332466,200000.0,335000000.0,1490000.0,1.0,21.847793282718744,293.957877806334
7412.871464016916,114778.27569220387,69000.0,47200000.0,472000.0,0.0,186.92474454363608,225.32749061645302
6711.222020293688,335884.4280109533,200000.0,1072000000.0,4287000.0,1.0,9.865717388893044,131.4552699755401
12872.49270886194,90056.5546834751,200000.0,10000000.0,135000.0,0.0,1250.5817189653199,1073.3817995815746
3961.13471596221,275015.27190035913,200000.0,27720000.0,252000.0,0.0,40.14497649894893,540.363363563636
14117.96663771541,123125.55301123293,200000.0,492000000.0,2540000.0,0.0,45.84672622664982,85.54539614482563
11381.7862505588,182153.73473290246,200000.0,4110000000.0,9140000.0,0.0,4.2543803929813855,28.353868619674117
12761.136580800508,260847.07700536575,200000.0,1710000000.0,5701000.0,1.0,33.020732402642274,145.9702322560965
3625.1858748232826,228141.45388060412,200000.0,308200000.0,1926000.0,1.0,3.673594150490903,107.35399481692666
4893.869273329099,185564.40295734807,200000.0,56960000.0,570000.0,0.0,24.859395555590943,199.15086181064427
12511.707538910348,118595.70394088748,200000.0,1190000000.0,5580000.0,1.0,20.332955746309782,66.48005210930826
11249.602460237182,291101.3271762233,200000.0,387000000.0,1980000.0,1.0,111.55101187575409,413.4815917145774
7411.194757988088,143788.0213407621,200000.0,15090000.0,216000.0,1.0,404.04237309299043,1233.380821784998
4067.718831371745,167224.46029939133,200000.0,26900000.0,277000.0,1.0,43.58419891329223,613.9188503843343
10416.048594913187,214133.5285339776,200000.0,428000000.0,2450000.0,0.0,36.80939512292491,113.79720607197041
5041.474605850294,202862.58563324195,200000.0,337400000.0,1500000.0,1.0,8.025246801532022,170.45442899118322
14039.86858680411,164260.6741284395,200000.0,711000000.0,3560000.0,1.0,66.6011756623573,161.9521263162507
5437.744366277232,331657.791085977,200000.0,18400000.0,184000.0,0.0,188.68506533841668,1225.1836175339897
7584.882181602657,156644.92019381246,200000.0,56960000.0,570000.0,1.0,125.0033406762988,521.1110807090198
12889.06666186159,257080.74279311404,200000.0,4110000000.0,9140000.0,1.0,13.951499912518244,90.63268138242489
12509.562416011946,19782.85952408315,200000.0,1370000000.0,4620000.0,0.0,1.8403636188408463,6.695749891334291
13887.938819675262,135676.83144053107,200000.0,403000000.0,2300000.0,1.0,93.93832182390099,204.81212329276696
4598.459232280564,119903.63308262614,200000.0,1072000000.0,4287000.0,1.0,1.1329307010544072,32.153718715464414
9683.99969268611,27718.28795353516,200000.0,27720000.0,252000.0,0.0,59.121611255969114,133.1467718372008
9054.503973095823,139518.80963781846,200000.0,576800000.0,2884000.0,1.0,18.703818022230788,109.50707491221047
9044.960662082416,326311.1599931127,200000.0,930000000.0,4490000.0,1.0,27.04567299115264,164.33583550871313
11523.066895940046,157196.08387507906,200000.0,669000000.0,3340000.0,1.0,37.44972398368628,135.58240945152784
14742.1992237453,179731.60994329338,200000.0,335000000.0,1490000.0,0.0,111.91164240491227,222.28516783462058
8229.304423273068,66094.49839058956,200000.0,2980000000.0,12000000.0,0.0,0.8047244858519955,5.665747374580852
14074.23365033443,226461.74543645128,200000.0,108000000.0,867000.0,1.0,608.9394793241861,919.0529175706835
3654.806008624483,72268.04921174914,200000.0,6660000.0,88800.0,1.0,55.18154553565691,743.5971297597353
8605.594077983187,49448.176014189354,200000.0,49800000.0,498000.0,1.0,65.9162164164284,213.61994511785298
14865.82300445698,200690.5369830715,200000.0,83560000.0,557000.0,1.0,821.9096958637915,1339.0619396139966
11637.16756107324,60338.260248619605,200000.0,428000000.0,2450000.0,1.0,23.142999440715037,71.64963723029034
10957.652144343621,82214.69326619887,200000.0,337400000.0,1500000.0,0.0,20.872077333280334,75.0733341637448
5166.826166190414,322940.4868641798,200000.0,83560000.0,557000.0,0.0,34.70598698331172,374.45631904220585
13648.4123762242,18827.137326118507,200000.0,776000000.0,2590000.0,1.0,6.4253641194357325,24.80314035624033
14149.781312157498,46063.77321908063,200000.0,2980000000.0,12000000.0,1.0,4.56164196934717,13.579006613807625
6231.821232515953,233722.14303891227,200000.0,49800000.0,498000.0,0.0,73.94763025340687,365.5910174445371
14410.751621702491,120471.25922234546,69000.0,930000000.0,4490000.0,1.0,117.04963718528923,96.66377473314392
3584.186983247813,228838.97003683719,200000.0,115000000.0,919000.0,0.0,5.965033721479428,111.56170534082713
9565.874661675112,214779.11926562275,200000.0,2010000000.0,5760000.0,1.0,9.74313735674067,89.17318293576787
5880.961593840953,272098.34556486655,200000.0,428000000.0,2450000.0,1.0,13.469638143662118,163.28570612395302
5498.672887349785,142090.9865575095,200000.0,18400000.0,184000.0,0.0,83.58553846168846,530.7825104079234
14453.189461296584,62405.78503165151,200000.0,57900000.0,429000.0,0.0,211.858629472544,262.80962544972425
11830.67141232072,323377.93518181477,69000.0,930000000.0,4490000.0,1.0,173.8462327743547,213.01659761309244
4153.337970261533,134935.32131837378,200000.0,57900000.0,429000.0,1.0,17.39272651785678,326.5920708397217
4115.369532147475,184536.09612728094,200000.0,798900000.0,3551000.0,1.0,1.6770429628630916,53.4662227248445
11234.838430312468,62723.69829138359,200000.0,337400000.0,1500000.0,0.0,17.16310489114628,58.72421800459922
9296.133406517216,108839.02832265582,200000.0,403000000.0,2300000.0,0.0,14.125227025861578,54.98815908277521
8731.3363820666,60526.22314261883,200000.0,1072000000.0,4287000.0,0.0,2.446807110406051,15.409225979540341
3918.390236851753,25332.267243869122,200000.0,162700000.0,904000.0,1.0,0.9757494879912395,27.45069376263505
10026.814617076774,271339.9028120276,200000.0,669000000.0,3340000.0,0.0,26.618604777382423,101.8216655580995
8554.547325928705,277300.21150373487,200000.0,49800000.0,498000.0,1.0,363.1121030790674,1190.852300601609
8399.37486861441,284663.5832646883,200000.0,113000000.0,771000.0,1.0,155.49739892107036,775.2905795342613
3938.6463535156226,343943.3038635401,200000.0,798900000.0,3551000.0,1.0,2.740085836280493,95.37250349045073
9412.512035779526,11988.003658335685,200000.0,8470000.0,136000.0,1.0,122.94442979056076,207.4213763218016
8725.438486948282,245214.11819555712,69000.0,57900000.0,429000.0,1.0,849.4510601043594,1246.8535573699496
4621.367366362445,74872.70830609088,200000.0,217000000.0,1280000.0,0.0,2.2170938282862465,33.790458085637404
13298.272292913036,193118.0619069257,200000.0,40500000.0,324000.0,0.0,730.0663290863818,990.7934305238188
4777.98776096008,153438.9363781938,200000.0,26900000.0,277000.0,0.0,40.50672975189379,330.834548767889
8394.19534074303,92494.08057671084,200000.0,8640000.0,144000.0,0.0,412.2362661490522,673.9699481103949
7700.80072142978,123509.01903716665,200000.0,192700000.0,1376000.0,0.0,19.05607252798555,86.40246574351212
8181.455431534671,151333.20799864476,200000.0,24920000.0,311000.0,0.0,216.51435297483798,497.6390259452555
9651.654302986833,108863.34085900971,200000.0,2010000000.0,5760000.0,1.0,5.072471811434453,45.60379046177836
10092.471306736545,217908.39968618396,200000.0,1180000000.0,4060000.0,0.0,12.35928418502372,67.71041475768841
9339.70570734319,153481.54616338864,200000.0,920800000.0,3069000.0,1.0,14.145529137781809,116.7703219838785
13714.526353624487,151826.73575213403,200000.0,669000000.0,3340000.0,1.0,60.98083181992094,155.855671306667
11714.509623545524,169541.74859008275,200000.0,1180000000.0,4060000.0,0.0,15.037504677756315,61.14835115304228
10051.904521203352,242891.18867599976,69000.0,431900000.0,2400000.0,1.0,172.4579789981981,254.32489975129573
13598.080720906915,255818.3011552018,200000.0,4110000000.0,9140000.0,0.0,10.188996608352765,47.57436965252934
6389.486583235639,264746.462623069,200000.0,930000000.0,4490000.0,1.0,7.735241407694848,94.1867467087579
4875.769132889717,177343.14988782455,200000.0,83560000.0,557000.0,1.0,25.625606591784532,388.0988582371884
5513.19529624258,25996.774284160238,200000.0,287000000.0,1290000.0,0.0,0.9882264686911215,13.888109854738776
7284.526498043047,63925.858135543975,69000.0,47200000.0,472000.0,0.0,98.7934699473904,123.32351893497628
7052.817055340451,48749.559744979386,200000.0,711000000.0,3560000.0,0.0,1.566021563075617,12.072392078990102
8836.38357441027,347845.359412657,200000.0,49800000.0,498000.0,0.0,313.7540456438856,771.509794264206
9684.268200471211,314748.01772386313,69000.0,80910000.0,736000.0,0.0,666.7314126294457,517.6807437507687
12069.172034644856,341384.3172490837,69000.0,112600000.0,938000.0,0.0,1005.8362847723005,549.0706363018795
14368.601927328233,290027.4775269685,200000.0,117700000.0,713000.0,1.0,761.4387751003271,1461.1814069327468
11497.96033872824,269067.99459461006,200000.0,492000000.0,2540000.0,1.0,86.59406450983063,304.5012923493995
7364.842891807036,288514.66616125876,200000.0,387000000.0,1980000.0,1.0,31.022454560461014,268.29105912366236
9060.272738748354,38979.51297793769,200000.0,4110000000.0,9140000.0,1.0,0.7347628121070907,9.659874693756612
10979.943058978135,61547.81293936168,69000.0,4110000000.0,9140000.0,0.0,3.740767843919178,9.24222485611172
4655.931991496862,155799.76842224,200000.0,13170000.0,146000.0,0.0,77.73376466355107,621.0557586171592
3119.384561564838,284123.93432780023,200000.0,403000000.0,2300000.0,1.0,2.2291448807719583,96.33606677316861
7819.810418660484,272606.69824384444,200000.0,115000000.0,919000.0,1.0,118.0745018912053,579.9055220684847
3445.1248043933056,323656.4129449305,200000.0,15090000.0,216000.0,1.0,91.35632526205522,1290.5517781685735
13629.394204694388,248268.7341289784,200000.0,72100000.0,481000.0,0.0,567.5775487546446,879.3535462953472
3094.8268020454248,105125.45321934593,69000.0,112600000.0,938000.0,0.0,5.222377093118047,43.35621937638165
11403.540766591257,161704.27723913622,200000.0,671200000.0,2441000.0,0.0,23.25934617468753,94.42858037836187
10418.24954617355,160328.89811053968,200000.0,366600000.0,2156000.0,1.0,51.51484311000374,193.6858151645126
5367.549051133515,112520.68019401665,200000.0,482000000.0,1928000.0,1.0,3.760470129366696,78.31435039007776
11701.18418802743,261617.7555855938,200000.0,231300000.0,1156000.0,0.0,117.97495325193906,331.01617051961966
6407.134313619242,41558.65307128686,69000.0,63200000.0,424000.0,0.0,32.63815189278647,78.49996229976882
12084.555891366497,64409.295677865965,200000.0,671200000.0,2441000.0,0.0,11.025479107358617,39.8585484198433
5896.077349683253,273213.6476288759,200000.0,117700000.0,713000.0,1.0,49.561473594282454,564.8277697787292
3719.3488635048357,136812.8151321202,69000.0,287000000.0,1290000.0,1.0,7.4055156094479715,98.61523032451633
3062.560777647539,125253.30017658463,200000.0,24920000.0,311000.0,0.0,9.399485286330231,154.17839404810385
6590.419317889406,236753.607145163,69000.0,798900000.0,3551000.0,1.0,25.612560553230185,109.84972867568219
7531.988697022198,260754.1895225296,200000.0,111000000.0,641000.0,0.0,65.35007333901984,382.9948533902749
5310.663147822861,274706.83338367165,200000.0,492000000.0,2540000.0,1.0,8.711228239461198,143.5901039867861
8108.30558792689,150098.00380365577,200000.0,115000000.0,919000.0,1.0,72.47632561435131,331.0773892757993
4560.759855173802,83026.69667970977,200000.0,419000000.0,1690000.0,0.0,1.2238385708520474,28.007753337613874
10637.533791967231,348814.0036882995,200000.0,4110000000.0,9140000.0,0.0,6.65095076042614,50.745633907905074
4732.154176156451,53222.152477651056,200000.0,930000000.0,4490000.0,0.0,0.39481616690188787,7.011565454096488
11957.955672458382,330983.6507593771,200000.0,711000000.0,3560000.0,0.0,51.82228316546517,138.97078034018728
7903.4383097591535,51094.58555027266,69000.0,35400000.0,285000.0,1.0,215.14412634387313,354.2306182976356
4839.654128349621,136298.90042300787,200000.0,40500000.0,324000.0,1.0,39.73828060270415,508.98112355072874
3335.733424830767,58575.59314614184,69000.0,4110000000.0,9140000.0,1.0,0.1597197255091876,5.344435556259493
13731.035140618438,312279.4501214026,200000.0,113000000.0,771000.0,0.0,465.7829451288052,695.1880841941954
8865.523874946153,51591.48787083239,200000.0,204000000.0,1360000.0,0.0,11.472812100661567,42.039114656515586
12376.192186233904,171577.36646917753,69000.0,930000000.0,4490000.0,0.0,65.99755894720381,59.1167723338089
9057.166335266254,166718.29595395015,200000.0,576800000.0,2884000.0,1.0,22.369887957443375,130.89418668404446
13396.146630751862,120573.53742694177,69000.0,576800000.0,2884000.0,0.0,94.8322637574961,70.00783578190284
7646.8214600821375,316083.1020357834,200000.0,671200000.0,2441000.0,1.0,21.934157057241272,247.54517081284897
11045.326074067636,160652.7092323478,200000.0,308200000.0,1926000.0,1.0,73.16776861506142,230.32990111027314
4987.3773789890365,18433.390516625535,200000.0,4500000.0,89900.0,0.0,33.08401338049578,127.82852458384846
10726.970275582626,38951.69068444585,69000.0,671200000.0,2441000.0,0.0,13.517465997767916,21.396642162827774
3634.492631908607,203883.09029785014,200000.0,27720000.0,252000.0,0.0,22.989426866554467,367.56527254873413
3223.968844439075,233806.50086925784,69000.0,113000000.0,771000.0,0.0,13.083994015881142,122.20896148341733
9402.526403086318,118946.59471967275,69000.0,49800000.0,498000.0,1.0,599.4680306205073,561.445028819691
14206.185402565889,125585.2287157321,200000.0,4110000000.0,9140000.0,1.0,9.12552671387627,48.79887973082855
9334.821073774912,139883.7343412671,200000.0,669000000.0,3340000.0,0.0,11.073065737511518,48.86937242541652
4850.728449832875,333736.00735123444,200000.0,115000000.0,919000.0,0.0,21.564276843919977,220.19351817086243
6903.4883542172165,19238.205421881445,200000.0,40500000.0,324000.0,1.0,16.279613545662958,102.47741287499852
12932.896783903376,51128.52959065555,200000.0,1370000000.0,4620000.0,0.0,5.25580150256462,17.890692529996667
10032.348922177354,177613.00990679287,69000.0,687000000.0,2310000.0,0.0,49.26240511836466,96.42184461598582
6231.450324711082,118234.39149588346,69000.0,2920000000.0,7290000.0,1.0,2.9582716592507188,25.26652048282328
3346.877253725569,225404.04036247547,200000.0,12100000.0,138000.0,0.0,45.46785489843221,683.3330213649871
10034.07237009085,44513.20159247123,69000.0,366600000.0,2156000.0,0.0,23.148227797279926,25.89567985871892
6655.354103587178,148293.6132820991,200000.0,251700000.0,1678000.0,0.0,11.307367782595104,73.52104497114804
12394.579050056176,58404.790363637905,69000.0,26900000.0,277000.0,0.0,780.1555881578784,326.67093459567735
5008.580088663959,30459.51051557297,200000.0,12100000.0,138000.0,0.0,20.591605149905185,138.1874074988805
13073.852659463684,139252.19490932103,200000.0,192700000.0,1376000.0,1.0,168.21311772076945,330.77083552894914
13088.210330336846,105645.83819705847,200000.0,482000000.0,1928000.0,0.0,31.99299778910064,89.64697554771385
6607.660182390966,144403.66638798983,200000.0,1190000000.0,5580000.0,0.0,2.27920370996725,21.374783973637502
14985.855038117614,308614.9600659849,200000.0,112600000.0,938000.0,0.0,600.5261867187376,616.319170328245
12624.67864021396,310536.74811060977,200000.0,251700000.0,1678000.0,1.0,258.59465753733735,584.0921708691061
12032.32801327891,163924.14758223642,200000.0,431900000.0,2400000.0,0.0,43.04448363640251,102.72859963575698
7099.557656999578,166331.77612764767,69000.0,136000000.0,775000.0,1.0,132.14169101260288,380.9296886482087
11302.140724694049,229790.71925258372,200000.0,80910000.0,736000.0,1.0,427.1114180651775,882.1763064610161
11439.596100656096,269238.18210921413,69000.0,403000000.0,2300000.0,0.0,188.73539993413036,167.39000316326678
10789.167313390953,36357.85954550482,200000.0,576800000.0,2884000.0,1.0,8.246422974041714,34.00407678512329
4480.987103551155,340493.2693864824,200000.0,56960000.0,570000.0,1.0,56.0258429914634,669.1868197222898
5126.23964302055,271108.3870830811,200000.0,711000000.0,3560000.0,1.0,5.350555016887834,97.5959663918916
11166.652225381018,251127.24424644667,200000.0,428000000.0,2450000.0,0.0,53.189733973417,143.07401024582654
10502.838698313699,284860.9280888382,200000.0,1180000000.0,4060000.0,0.0,18.208733887616045,92.11355847196147
14607.558074265644,22510.65459443003,200000.0,80910000.0,736000.0,1.0,90.33323319065711,111.69351028458495
5353.041528248506,289181.9800218066,200000.0,669000000.0,3340000.0,0.0,4.316738406958613,57.934249561309194
9829.226776986627,177963.84929092386,69000.0,217000000.0,1280000.0,0.0,146.96699402738008,170.82490554552788
4538.956738648424,32116.769278992015,200000.0,8640000.0,144000.0,0.0,22.630545574812285,126.54221036674159
13572.037117756601,257825.61455641626,200000.0,217000000.0,1280000.0,0.0,193.37940881684312,341.72058697930123
3277.4100594477068,339735.6556029258,69000.0,112600000.0,938000.0,1.0,32.0704281100305,296.76254137155763
9721.391727009588,164334.88205570495,200000.0,308200000.0,1926000.0,0.0,31.892696350294905,103.68404483874824
7882.510746184193,51384.01680632666,69000.0,19430000.0,194000.0,1.0,391.0737238719918,521.9524029097497
9207.082965286529,24777.989391184048,200000.0,108000000.0,867000.0,1.0,18.652508388062365,65.78229643530683
8040.744829095329,162612.9089856317,200000.0,776000000.0,2590000.0,1.0,11.347779935120156,126.2093539643198
3981.706817158918,204418.66974986185,200000.0,920000000.0,3380000.0,0.0,0.913165196516079,30.101154249169994
8085.843082467528,35309.724746483356,200000.0,387000000.0,1980000.0,1.0,5.0244445872045045,36.049102725401276
6729.670291797291,222838.1935700789,200000.0,29000000.0,331000.0,1.0,243.95052666800044,1132.6492229201504
8682.918301674057,335992.9036786606,200000.0,136000000.0,775000.0,0.0,105.29242427983333,470.54821493296026
5840.923989732347,34789.68429382754,69000.0,149200000.0,1148000.0,1.0,14.029299939076084,44.25172072887876
4148.048993231244,161795.10486750092,200000.0,403000000.0,2300000.0,0.0,1.8655236012727932,36.47467510083829
14000.572535396546,138314.34522952884,200000.0,930000000.0,4490000.0,1.0,42.51580744297059,107.82182756524209
12628.645191364145,28628.202248365906,69000.0,192700000.0,1376000.0,1.0,90.34254463676625,65.68593907361695
4221.930981656711,28968.58610322874,200000.0,35400000.0,285000.0,0.0,4.009278352400339,53.64182945789023
7820.196756347738,219882.6719497706,200000.0,1180000000.0,4060000.0,0.0,5.801907798781528,52.94106397656222
12449.697702502372,222162.773188995,200000.0,687000000.0,2310000.0,1.0,65.00095487338488,299.3354293238848
8137.268890136911,220871.6394792377,200000.0,200000000.0,1010000.0,0.0,38.739565467370305,222.43711889207532
11109.313200378043,18830.50690878999,69000.0,136000000.0,775000.0,0.0,35.82402873085639,33.740967576068954
4296.079078557163,14178.117978271355,200000.0,38310000.0,426000.0,0.0,1.9104339128403844,17.872745310965943
3528.849458142326,53411.45534788614,69000.0,3180000.0,53000.0,0.0,139.28244304873678,444.53062562022893
10820.45976111653,131632.8369513452,69000.0,671200000.0,2441000.0,0.0,46.88556195676763,72.93772098902927
4768.908751266339,114949.30092343705,200000.0,35400000.0,285000.0,1.0,36.68502990067225,480.8620413383324
3096.982108147197,209389.57023330117,200000.0,115000000.0,919000.0,1.0,5.6338082472295135,176.40798494154762
14718.12926534163,227788.62944908492,200000.0,204000000.0,1360000.0,1.0,370.8416286974783,616.2908995232971
11014.321667765831,246225.7361056353,200000.0,56960000.0,570000.0,0.0,376.0499326205413,594.7389167433323
13224.104187942512,202472.9490834628,200000.0,112600000.0,938000.0,1.0,433.167806253266,713.625632707781
6943.428590501545,45648.284811248705,200000.0,83560000.0,557000.0,1.0,19.049199044801494,142.2601462593308
3044.364867100154,85828.53016030035,200000.0,19430000.0,194000.0,0.0,8.114425235021375,168.35912488069806
5868.228478498417,259759.30036037008,200000.0,478000000.0,1910000.0,1.0,11.43913065117948,199.51923088083745
3360.2110643409133,49164.35948324701,200000.0,5410000.0,77300.0,1.0,35.915470478756994,534.2905068139634
6409.210608078236,84441.31375126507,200000.0,61200000.0,502000.0,1.0,37.83954928789846,269.52298996750903
9654.059461888457,70704.08647236055,200000.0,61200000.0,502000.0,0.0,67.67554872660709,169.96550174369506
13927.787402378637,17137.87855723162,200000.0,478000000.0,1910000.0,0.0,6.306440979061115,15.62125190267636
13620.138297465654,125050.31495003994,200000.0,63200000.0,424000.0,1.0,520.7640917647852,1004.2468064629558
7435.687852754095,136599.08775023342,200000.0,337400000.0,1500000.0,0.0,10.836148673186795,84.6423481234781
14972.338970589975,309765.6903226982,200000.0,711000000.0,3560000.0,1.0,152.32157879927567,325.69641270860166
14089.865606796266,280265.35961388034,200000.0,482000000.0,1928000.0,1.0,169.4227410267598,512.04632406642
7491.063623245204,213846.71528669933,200000.0,49800000.0,498000.0,0.0,117.5201892905977,402.0932102998871
10047.91046879609,300508.0472086313,200000.0,2980000000.0,12000000.0,1.0,10.656040911108022,62.90579069802539
3639.1077008359844,280508.05282015295,200000.0,162700000.0,904000.0,0.0,5.4094273382498335,141.15030630038703
13630.011453240273,81140.77498973536,200000.0,27720000.0,252000.0,0.0,482.55116903571434,548.5861569617335
10378.63737924752,66927.40405297794,200000.0,308200000.0,1926000.0,0.0,15.805241825013967,45.08146789980607
7491.193100683788,186423.40449877732,200000.0,111000000.0,641000.0,0.0,45.96626500230158,272.3349691082374
7811.352846453094,323202.97605404496,69000.0,366600000.0,2156000.0,1.0,126.87361946151209,292.7472735368678
5634.315391917642,79020.16888340726,200000.0,776000000.0,2590000.0,1.0,1.8972670340150992,42.97534303200916
8100.274254862272,138208.20744533784,200000.0,419000000.0,1690000.0,1.0,18.261975169947952,165.61011606214223
5762.13093852659,23988.593356207413,69000.0,149200000.0,1148000.0,1.0,9.287418167243613,30.101353647548258
8413.814437468438,157051.92535403327,200000.0,83560000.0,557000.0,1.0,116.61445568618261,593.0905551956679
7588.451119487124,71052.34854053026,200000.0,6660000.0,88800.0,0.0,303.509588321926,758.9770183341788
7309.1152222283945,38022.293747485106,69000.0,162700000.0,904000.0,0.0,17.220068461456474,38.427727601467836
3937.90812366068,103984.48344354339,200000.0,492000000.0,2540000.0,1.0,1.3444013527614198,40.30328170147677
7322.842690791015,195648.86039573135,200000.0,387000000.0,1980000.0,0.0,12.92451503409665,90.44860020901137
6000.28371537169,263371.85783156764,200000.0,217000000.0,1280000.0,0.0,17.0700099962893,154.32674508143177
6593.689824507706,289585.0109894201,200000.0,2010000000.0,5760000.0,0.0,2.6888981129251133,41.43736415561488
12093.672900376483,14042.844924936844,69000.0,2980000000.0,12000000.0,0.0,1.5729074849152826,1.76905805325924
5730.941911959018,255934.20263161216,200000.0,27720000.0,252000.0,1.0,181.02638913286256,1455.1032227830235
4030.5102747447636,297572.5670447038,200000.0,4110000000.0,9140000.0,1.0,0.4938100613501608,32.80550571542705
8399.663226569664,199871.9178902759,200000.0,1190000000.0,5580000.0,0.0,6.4803613709780565,37.608799254637105
4540.14768948304,330740.3604004809,200000.0,83560000.0,557000.0,0.0,24.11612298244387,336.98610482292526
3278.8780839065394,277021.65567093383,200000.0,2980000000.0,12000000.0,0.0,0.21334479292887723,9.461669120280838
7690.630672589431,139648.31150643202,200000.0,204000000.0,1360000.0,0.0,20.2721668973249,98.71172682414107
5260.064137707142,46937.0410725926,69000.0,8690000.0,109000.0,0.0,148.3401588980809,283.1328514632891
6655.745574227705,68284.04423196969,69000.0,61200000.0,502000.0,1.0,99.327069142917,226.33527150763837
11268.294596972813,176128.52967623688,200000.0,387000000.0,1980000.0,1.0,67.8300425306192,250.5894140560158
14555.93467228658,106497.99101057187,200000.0,35400000.0,285000.0,0.0,604.0421308118537,679.9025438068757
3839.7531915900418,29534.081409437706,69000.0,8470000.0,136000.0,1.0,59.60183891403158,208.46246939809257
13316.488168520847,149692.81966221175,200000.0,669000000.0,3340000.0,1.0,55.03927959796716,149.20528906769349
8020.958436571163,262668.53647961776,200000.0,561000000.0,2550000.0,1.0,25.16823484532541,206.5542562449085
5468.124059715018,156948.2299542775,200000.0,10000000.0,135000.0,0.0,167.06300312719011,794.6411040209119
14269.85105666343,209747.26415433557,69000.0,1072000000.0,4287000.0,1.0,171.66015950866807,174.54293322981064
5420.432747075853,346968.93847372587,200000.0,204000000.0,1360000.0,0.0,17.634822608631318,172.86045922069408
10258.183193883226,93925.64191513664,200000.0,8640000.0,144000.0,0.0,763.9950862743486,836.3771192433418
8522.454720380494,205885.13577944654,200000.0,18400000.0,184000.0,0.0,450.9309681575138,1192.0154533151244
14026.75039675593,127905.82566043452,200000.0,776000000.0,2590000.0,0.0,29.614785758600455,86.58798700915901
12719.817177937379,69542.93773411168,200000.0,61200000.0,502000.0,0.0,152.24849305467208,220.26231424166883
11383.737082393827,24845.917981091032,200000.0,15800000.0,160000.0,0.0,151.02933665344577,220.9682795839509
9452.850516905448,236663.35978761877,200000.0,689000000.0,2860000.0,0.0,18.888999656650817,97.77724488204717
7935.3379004350045,269032.6718088994,200000.0,419000000.0,1690000.0,1.0,33.42073849171045,315.8084551864341
4262.6947317476415,270623.2872980357,200000.0,2920000000.0,7290000.0,1.0,0.7477626648109602,39.5605096383327
6033.199418250211,182061.95440274442,200000.0,29000000.0,331000.0,1.0,143.61275416262689,829.6193937977414
11333.828569259233,264910.2879840683,200000.0,200000000.0,1010000.0,0.0,125.54734461198301,371.59007305003524
14005.643707795194,121217.52327606449,200000.0,57900000.0,429000.0,1.0,599.1351943448103,989.3528217635433
3990.583558240104,233387.68558487165,200000.0,1190000000.0,5580000.0,1.0,1.2982818014974042,41.72728766983384
6349.702642103659,64864.6205514691,200000.0,80910000.0,736000.0,1.0,21.37935558818654,139.90185207023842
6529.7358445064465,191782.3032445595,200000.0,26900000.0,277000.0,1.0,206.76253813390318,1130.2236280126297
5600.0691993009095,21711.247440530475,69000.0,689000000.0,2860000.0,1.0,1.6709190393338471,10.628014691443513
3573.0722698421305,225828.73997028184,69000.0,308200000.0,1926000.0,0.0,6.307564024945904,52.36905558937561
5862.483876942308,41071.38622889717,200000.0,29000000.0,331000.0,0.0,18.577836296261605,90.92913125779289
7045.399709390987,75331.61872019051,200000.0,920000000.0,3380000.0,0.0,1.8642972888513072,19.628009047307124
4159.238469325675,294030.9281822534,200000.0,26900000.0,277000.0,1.0,81.92396544208822,1103.74074699215
5565.359840323208,131235.95081228807,200000.0,8470000.0,136000.0,1.0,278.213325987316,1342.601636502472
6794.882656214955,142323.4642471455,200000.0,920000000.0,3380000.0,1.0,5.055490855618275,71.52893777998617
12781.018699269678,230981.29847742015,200000.0,49800000.0,498000.0,1.0,1008.7246956073018,1482.0162123600028
5622.730262079551,112521.64453987285,69000.0,83560000.0,557000.0,0.0,45.17197487605482,141.9835852543363
4221.763078498641,192301.7202990377,69000.0,26900000.0,277000.0,1.0,162.4135030400448,732.7186847383592
4136.934810864967,120280.4588800773,200000.0,798900000.0,3551000.0,0.0,0.6939808262840699,17.51592570429987
12256.876918112106,55196.68827128279,200000.0,251700000.0,1678000.0,0.0,26.289242055301145,50.39772157542369
11251.50117140713,342527.3206049832,200000.0,204000000.0,1360000.0,1.0,249.1295399658819,708.4460568062062
10302.399865874939,208912.55090109952,200000.0,162700000.0,904000.0,0.0,91.41152824186864,297.607941977767
5789.105728574399,209739.30611888992,200000.0,1180000000.0,4060000.0,1.0,3.5922043174543807,74.76619572413419
10437.194741909769,30373.82563031363,200000.0,83560000.0,557000.0,1.0,43.050796557058234,142.28794127484866
4820.047024704331,79491.01223270017,200000.0,1370000000.0,4620000.0,0.0,0.42301919089607,10.366623836659436
10176.902263333024,331598.00910105486,200000.0,1190000000.0,5580000.0,1.0,30.594300706597917,151.19357210292677
10723.224859264868,268567.9199804853,69000.0,4110000000.0,9140000.0,0.0,15.204713523394418,39.3861350647784
6461.461253513477,18055.73297935281,200000.0,200000000.0,1010000.0,1.0,2.5369162363489646,28.877826497495068
9471.741025514064,318254.89962108864,200000.0,1072000000.0,4287000.0,0.0,16.423985118165703,87.89444802051996
5669.328654533314,306719.9661560745,69000.0,111000000.0,641000.0,1.0,152.02802123216804,678.1966821553981
10557.390153948307,31969.739316066265,200000.0,204000000.0,1360000.0,0.0,12.005698320491826,31.021784106592452
3625.2823443144807,347284.27341670456,200000.0,930000000.0,4490000.0,1.0,1.8533457362032002,70.10042009330711
10111.567814545073,292615.0987325553,200000.0,1370000000.0,4620000.0,0.0,14.376078825040311,80.05404259723298
8114.877795427064,168805.24416191436,200000.0,387000000.0,1980000.0,1.0,24.28005624620443,172.9588292425771
5117.226058767847,94649.60636983991,200000.0,15090000.0,216000.0,1.0,87.55120901880605,560.5826761201927
10627.245265370697,102432.66681749134,200000.0,403000000.0,2300000.0,0.0,19.861147148250563,59.16179747040445
10312.730646276006,157366.366971361,200000.0,38920000.0,324000.0,1.0,461.94351882452565,1252.219872961825
7577.031740015502,300374.35150369385,200000.0,56960000.0,570000.0,0.0,149.34784809404326,499.11096386620403
9634.225642083427,69737.76807993042,200000.0,19430000.0,194000.0,1.0,334.3293094003675,865.8110740430008
6398.708973093052,201128.31433153615,200000.0,215000000.0,1440000.0,1.0,25.529399221663535,223.43082459312828
9008.397704097804,256617.4278203223,200000.0,2010000000.0,5760000.0,0.0,6.0763324645811405,50.16735780399575
14283.41982316819,339967.4964870956,200000.0,687000000.0,2310000.0,1.0,150.21248505453468,525.5301383719626
10692.584662513917,210025.06184741613,200000.0,47200000.0,472000.0,0.0,354.1489836910939,594.7327211476156
4493.7301026129135,326924.0499459723,200000.0,217000000.0,1280000.0,0.0,8.90055063171584,143.46762153423904
14485.162519388652,272231.928784022,200000.0,162700000.0,904000.0,0.0,331.07806496199515,545.260471709565
10619.75693897808,135181.38391371694,200000.0,366600000.0,2156000.0,1.0,46.00414092991449,166.46491649331878
8088.484055012244,93909.21594500521,200000.0,47200000.0,472000.0,0.0,68.54509795006096,201.16080396977983
7336.971458579841,250230.04479694887,200000.0,576800000.0,2884000.0,0.0,11.155100187324209,79.57397264018391
4107.669679319624,251947.21886322027,200000.0,776000000.0,2590000.0,0.0,1.4650187013939575,49.94768106723393
8122.457675892522,245224.5116439063,69000.0,482000000.0,1928000.0,0.0,51.448047836640264,129.13807811975158
7593.463324255922,114712.81461072987,200000.0,428000000.0,2450000.0,1.0,12.224092647679521,88.88444393560701
12796.67253718286,10536.7163787486,200000.0,4110000000.0,9140000.0,0.0,0.34975458982644153,1.8440222800327863
10854.254301340006,259234.36020704254,200000.0,61200000.0,502000.0,1.0,564.24781548335,1401.2926640101236
11448.566359370832,77326.97982639242,200000.0,117700000.0,713000.0,0.0,64.18250850220296,155.20390250912732
8407.929411568533,286885.9546801071,200000.0,387000000.0,1980000.0,1.0,45.89805260600107,304.5602091061881
5192.752791271682,268115.9928831521,200000.0,2920000000.0,7290000.0,1.0,1.3392497658262423,47.74554425338074
13955.65685252143,47126.45214232112,200000.0,403000000.0,2300000.0,1.0,33.10848537270481,71.48702117119711
7532.742451847933,104099.14897269926,200000.0,29000000.0,331000.0,0.0,99.88892109980793,296.12993907397805
12021.584357787406,12457.063840400973,69000.0,49800000.0,498000.0,1.0,131.2142928336602,75.1775320319831
9268.014531593311,12469.065395939138,69000.0,231300000.0,1156000.0,0.0,8.09856509466517,12.496050960741595
12136.3676428052,326923.64949893125,200000.0,200000000.0,1010000.0,0.0,190.2353837179994,491.0477229512882
7038.602415095429,241832.39968606638,200000.0,72100000.0,481000.0,0.0,76.14603735068722,442.34982133021754
14291.89256082868,236126.6170105357,200000.0,112600000.0,938000.0,1.0,637.682574770535,899.4392966596769
11379.699236316235,256574.86367257824,200000.0,29000000.0,331000.0,0.0,848.8232071871134,1102.6226511303653
13428.063380476475,105018.96026254489,200000.0,419000000.0,1690000.0,1.0,63.215358557509056,208.60965304102737
11234.21874572719,305750.0431058392,69000.0,2920000000.0,7290000.0,0.0,28.015733177222298,58.89682554468939
3037.5493156476073,226944.90764711815,200000.0,16600000.0,221000.0,0.0,24.94543899739413,389.9074371681159
13481.21390155741,339663.176049066,200000.0,798900000.0,3551000.0,1.0,108.51051148832815,322.37904328357115
10281.156195807707,146056.16488553266,69000.0,403000000.0,2300000.0,1.0,118.91876495881714,163.22024397268962
14269.017034603667,330102.387789541,200000.0,431900000.0,2400000.0,0.0,144.56275471778795,245.3248226318695
13862.433144490931,259654.43261602448,200000.0,80910000.0,736000.0,1.0,890.5138957735334,1222.636621199274
4717.937338637595,186818.50580811172,69000.0,117700000.0,713000.0,1.0,50.32799265200446,309.04558348548454
8975.100677921244,39610.562938887044,69000.0,19430000.0,194000.0,1.0,445.0060063012442,458.12988438871224
8355.440403972674,49330.73821617144,69000.0,1370000000.0,4620000.0,1.0,6.3418323500533615,22.304114894440193
5045.196153514311,331031.3587212066,200000.0,564000000.0,2860000.0,1.0,7.851506009466571,145.98934770216098
11589.181872834723,64479.994445004886,200000.0,687000000.0,2310000.0,0.0,9.511201312110021,40.43670902501936
5644.512419626861,97593.70450986257,200000.0,576800000.0,2884000.0,1.0,3.169601163332612,47.752156482602366
4629.0771892132925,191744.72298775899,200000.0,428000000.0,2450000.0,0.0,2.893155015272489,45.28577159869905
6993.613410467558,86094.1137135415,69000.0,56960000.0,570000.0,1.0,156.10543241045696,264.0828720304313
7118.709359497754,319456.82275243493,200000.0,366600000.0,2156000.0,0.0,20.465967389868627,131.84834613191163
9742.799338660954,301087.9439753828,200000.0,920000000.0,3380000.0,1.0,31.527212904614732,216.97037140844816
6491.71803185466,47870.057600046704,200000.0,38310000.0,426000.0,0.0,22.25561122813335,91.18512796601539
11935.413027585239,49476.11611161577,200000.0,930000000.0,4490000.0,0.0,5.888894760590935,16.439807371741562
9427.236484574467,298020.32285905984,200000.0,72100000.0,481000.0,0.0,225.46161069195438,730.1216374224567
12570.217670139864,327534.55617153796,200000.0,231300000.0,1156000.0,0.0,183.11278689992096,445.1968712770161
10089.311798406383,46239.21375279286,200000.0,482000000.0,1928000.0,0.0,6.414411501911887,30.246488904639197
6791.114700856875,287490.3065009606,200000.0,920000000.0,3380000.0,1.0,10.195002640069387,144.406778611863
8469.41436655152,214498.24062253206,200000.0,576800000.0,2884000.0,0.0,14.708467009191185,78.73935856137517
12933.015498784198,21676.914271856127,200000.0,63200000.0,424000.0,0.0,48.304607785972415,82.64972530770123
11263.199966263533,102973.86451757344,69000.0,38920000.0,324000.0,0.0,713.3936728728456,447.4595784569624
5588.460757883684,109108.33566939652,200000.0,115000000.0,919000.0,0.0,10.780663539411302,82.93629655147919
6997.73456031402,291480.7960666756,200000.0,920000000.0,3380000.0,0.0,7.0681099718573535,75.43288610591257
3630.795650764511,304246.84452901164,200000.0,57900000.0,429000.0,0.0,16.37426153813952,321.8700815485694
6589.221327101248,287104.1350375496,200000.0,16600000.0,221000.0,0.0,322.1383501124203,1070.0184896428657
7048.921771863472,240485.5533015977,200000.0,776000000.0,2590000.0,1.0,11.306393866053071,163.62585448708558
9334.133213170284,106233.5557937904,200000.0,920800000.0,3069000.0,1.0,9.773433416036386,80.77534713978672
4570.8082011418255,265770.60318763804,69000.0,108000000.0,867000.0,0.0,44.34573624658927,175.14222212691968
11351.46631143466,108967.73356984665,200000.0,561000000.0,2550000.0,1.0,29.59509358028217,121.26897614229883
11980.590211956656,260008.42482910244,200000.0,335000000.0,1490000.0,0.0,86.89324948838276,261.33006623607037
9908.185163314447,240628.05404566036,200000.0,478000000.0,1910000.0,0.0,31.879352272379553,156.03320124164486
8125.3327738742755,296164.430955021,200000.0,492000000.0,2540000.0,1.0,33.63721514319232,236.85379500929835
8686.509059038717,331321.48681462195,200000.0,162700000.0,904000.0,0.0,86.89737624775063,397.9572865970472
5890.265053210686,176132.80387904096,69000.0,61200000.0,502000.0,0.0,110.98978991024684,258.33388929599516
7504.459688888473,245210.24895456244,200000.0,19430000.0,194000.0,0.0,347.2425119175967,1185.6768225397198
10803.731237241707,103573.45368708216,200000.0,419000000.0,1690000.0,1.0,32.470166640351884,165.52954984439347
4399.531610247819,51497.53143142362,69000.0,920000000.0,3380000.0,1.0,1.439221317666417,16.75776755786121
9875.782905878066,204694.3922566581,200000.0,1710000000.0,5701000.0,0.0,7.506426256711453,44.32374539505435
12532.124572355657,71572.84193147985,200000.0,308200000.0,1926000.0,0.0,29.757642475080623,58.213899992392285
6580.360165663638,52580.38873828965,200000.0,204000000.0,1360000.0,0.0,4.781359554885792,31.801277164386704
13045.727275436062,193253.8071474038,200000.0,561000000.0,2550000.0,0.0,49.79421235997979,123.58512073451745
13771.227578877753,71425.81889838849,69000.0,1710000000.0,5701000.0,1.0,32.937205986699496,43.133713693095345
9656.661222627718,282174.4104240884,200000.0,49800000.0,498000.0,1.0,531.4935977039883,1367.9029554019846
5474.758802590414,64811.48905947143,69000.0,4130000.0,66100.0,0.0,485.9444303081386,671.0046714018073
3420.0633541891257,343175.66784027085,69000.0,40500000.0,324000.0,1.0,102.34664000855868,905.6192327390943
